Titre de tracé : 20011402;;;;;
#;Date;Heure;Moy. : Température, °C (LGR S/N: 20011402);Pile défectueuse (LGR S/N: 20011402);Fin de fichier (LGR S/N: 20011402)
6;07/15/2020;18:00:00;20.519;;
7;07/15/2020;20:00:00;16.903;;
8;07/15/2020;22:00:00;14.996;;
9;07/16/2020;00:00:00;14.038;;
10;07/16/2020;02:00:00;11.528;;
11;07/16/2020;04:00:00;10.748;;
12;07/16/2020;06:00:00;10.161;;
13;07/16/2020;08:00:00;11.916;;
14;07/16/2020;10:00:00;23.196;;
15;07/16/2020;12:00:00;33.535;;
16;07/16/2020;14:00:00;37.935;;
17;07/16/2020;16:00:00;32.086;;
18;07/16/2020;18:00:00;21.855;;
19;07/16/2020;20:00:00;17.379;;
20;07/16/2020;22:00:00;14.517;;
21;07/17/2020;00:00:00;12.980;;
22;07/17/2020;02:00:00;11.916;;
23;07/17/2020;04:00:00;11.139;;
24;07/17/2020;06:00:00;10.553;;
25;07/17/2020;08:00:00;12.013;;
26;07/17/2020;10:00:00;24.738;;
27;07/17/2020;12:00:00;34.585;;
28;07/17/2020;14:00:00;37.384;;
29;07/17/2020;16:00:00;33.639;;
30;07/17/2020;18:00:00;22.142;;
31;07/17/2020;20:00:00;17.950;;
32;07/17/2020;22:00:00;15.282;;
33;07/18/2020;00:00:00;13.365;;
34;07/18/2020;02:00:00;12.207;;
35;07/18/2020;04:00:00;11.139;;
36;07/18/2020;06:00:00;10.553;;
37;07/18/2020;08:00:00;12.304;;
38;07/18/2020;10:00:00;19.472;;
39;07/18/2020;12:00:00;26.488;;
40;07/18/2020;14:00:00;36.079;;
41;07/18/2020;16:00:00;31.472;;
42;07/18/2020;18:00:00;20.901;;
43;07/18/2020;20:00:00;17.665;;
44;07/18/2020;22:00:00;14.421;;
45;07/19/2020;00:00:00;12.787;;
46;07/19/2020;02:00:00;11.528;;
47;07/19/2020;04:00:00;10.944;;
48;07/19/2020;06:00:00;10.357;;
49;07/19/2020;08:00:00;12.110;;
50;07/19/2020;10:00:00;25.319;;
51;07/19/2020;12:00:00;35.542;;
52;07/19/2020;14:00:00;39.050;;
53;07/19/2020;16:00:00;35.756;;
54;07/19/2020;18:00:00;23.196;;
55;07/19/2020;20:00:00;18.711;;
56;07/19/2020;22:00:00;15.569;;
57;07/20/2020;00:00:00;13.750;;
58;07/20/2020;02:00:00;12.594;;
59;07/20/2020;04:00:00;11.722;;
60;07/20/2020;06:00:00;10.846;;
61;07/20/2020;08:00:00;12.401;;
62;07/20/2020;10:00:00;26.195;;
63;07/20/2020;12:00:00;36.079;;
64;07/20/2020;14:00:00;40.415;;
65;07/20/2020;16:00:00;37.165;;
66;07/20/2020;18:00:00;24.448;;
67;07/20/2020;20:00:00;19.472;;
68;07/20/2020;22:00:00;16.427;;
69;07/21/2020;00:00:00;15.378;;
70;07/21/2020;02:00:00;14.517;;
71;07/21/2020;04:00:00;13.461;;
72;07/21/2020;06:00:00;14.134;;
73;07/21/2020;08:00:00;16.237;;
74;07/21/2020;10:00:00;23.773;;
75;07/21/2020;12:00:00;34.585;;
76;07/21/2020;14:00:00;31.370;;
77;07/21/2020;16:00:00;34.903;;
78;07/21/2020;18:00:00;24.351;;
79;07/21/2020;20:00:00;20.901;;
80;07/21/2020;22:00:00;18.331;;
81;07/22/2020;00:00:00;14.709;;
82;07/22/2020;02:00:00;13.942;;
83;07/22/2020;04:00:00;12.401;;
84;07/22/2020;06:00:00;11.819;;
85;07/22/2020;08:00:00;13.750;;
86;07/22/2020;10:00:00;23.773;;
87;07/22/2020;12:00:00;32.188;;
88;07/22/2020;14:00:00;28.555;;
89;07/22/2020;16:00:00;24.158;;
90;07/22/2020;18:00:00;16.999;;
91;07/22/2020;20:00:00;15.378;;
92;07/22/2020;22:00:00;14.804;;
93;07/23/2020;00:00:00;13.461;;
94;07/23/2020;02:00:00;12.594;;
95;07/23/2020;04:00:00;12.013;;
96;07/23/2020;06:00:00;11.528;;
97;07/23/2020;08:00:00;12.883;;
98;07/23/2020;10:00:00;21.569;;
99;07/23/2020;12:00:00;27.075;;
100;07/23/2020;14:00:00;29.352;;
101;07/23/2020;16:00:00;28.953;;
102;07/23/2020;18:00:00;21.282;;
103;07/23/2020;20:00:00;17.950;;
104;07/23/2020;22:00:00;15.664;;
105;07/24/2020;00:00:00;14.230;;
106;07/24/2020;02:00:00;13.076;;
107;07/24/2020;04:00:00;12.690;;
108;07/24/2020;06:00:00;12.690;;
109;07/24/2020;08:00:00;13.558;;
110;07/24/2020;10:00:00;15.569;;
111;07/24/2020;12:00:00;23.869;;
112;07/24/2020;14:00:00;20.996;;
113;07/24/2020;16:00:00;22.238;;
114;07/24/2020;18:00:00;19.282;;
115;07/24/2020;20:00:00;17.379;;
116;07/24/2020;22:00:00;14.613;;
117;07/25/2020;00:00:00;12.883;;
118;07/25/2020;02:00:00;12.013;;
119;07/25/2020;04:00:00;11.139;;
120;07/25/2020;06:00:00;10.651;;
121;07/25/2020;08:00:00;12.207;;
122;07/25/2020;10:00:00;22.621;;
123;07/25/2020;12:00:00;31.676;;
124;07/25/2020;14:00:00;36.946;;
125;07/25/2020;16:00:00;33.535;;
126;07/25/2020;18:00:00;22.908;;
127;07/25/2020;20:00:00;19.092;;
128;07/25/2020;22:00:00;16.523;;
129;07/26/2020;00:00:00;15.187;;
130;07/26/2020;02:00:00;14.230;;
131;07/26/2020;04:00:00;14.134;;
132;07/26/2020;06:00:00;13.173;;
133;07/26/2020;08:00:00;14.613;;
134;07/26/2020;10:00:00;25.319;;
135;07/26/2020;12:00:00;33.639;;
136;07/26/2020;14:00:00;32.807;;
137;07/26/2020;16:00:00;28.754;;
138;07/26/2020;18:00:00;22.046;;
139;07/26/2020;20:00:00;17.950;;
140;07/26/2020;22:00:00;15.760;;
141;07/27/2020;00:00:00;14.421;;
142;07/27/2020;02:00:00;13.173;;
143;07/27/2020;04:00:00;12.594;;
144;07/27/2020;06:00:00;12.207;;
145;07/27/2020;08:00:00;13.750;;
146;07/27/2020;10:00:00;27.272;;
147;07/27/2020;12:00:00;37.494;;
148;07/27/2020;14:00:00;40.185;;
149;07/27/2020;16:00:00;37.714;;
150;07/27/2020;18:00:00;25.513;;
151;07/27/2020;20:00:00;20.805;;
152;07/27/2020;22:00:00;18.521;;
153;07/28/2020;00:00:00;17.094;;
154;07/28/2020;02:00:00;16.332;;
155;07/28/2020;04:00:00;15.473;;
156;07/28/2020;06:00:00;14.996;;
157;07/28/2020;08:00:00;16.141;;
158;07/28/2020;10:00:00;28.357;;
159;07/28/2020;12:00:00;38.490;;
160;07/28/2020;14:00:00;35.009;;
161;07/28/2020;16:00:00;31.574;;
162;07/28/2020;18:00:00;21.951;;
163;07/28/2020;20:00:00;16.903;;
164;07/28/2020;22:00:00;16.046;;
165;07/29/2020;00:00:00;14.996;;
166;07/29/2020;02:00:00;14.325;;
167;07/29/2020;04:00:00;13.654;;
168;07/29/2020;06:00:00;13.173;;
169;07/29/2020;08:00:00;14.804;;
170;07/29/2020;10:00:00;24.448;;
171;07/29/2020;12:00:00;33.014;;
172;07/29/2020;14:00:00;38.379;;
173;07/29/2020;16:00:00;29.252;;
174;07/29/2020;18:00:00;24.931;;
175;07/29/2020;20:00:00;21.091;;
176;07/29/2020;22:00:00;18.616;;
177;07/30/2020;00:00:00;17.189;;
178;07/30/2020;02:00:00;16.523;;
179;07/30/2020;04:00:00;16.141;;
180;07/30/2020;06:00:00;14.996;;
181;07/30/2020;08:00:00;16.332;;
182;07/30/2020;10:00:00;28.258;;
183;07/30/2020;12:00:00;38.714;;
184;07/30/2020;14:00:00;42.282;;
185;07/30/2020;16:00:00;38.826;;
186;07/30/2020;18:00:00;23.388;;
187;07/30/2020;20:00:00;18.045;;
188;07/30/2020;22:00:00;16.808;;
189;07/31/2020;00:00:00;15.951;;
190;07/31/2020;02:00:00;14.996;;
191;07/31/2020;04:00:00;14.134;;
192;07/31/2020;06:00:00;13.365;;
193;07/31/2020;08:00:00;14.900;;
194;07/31/2020;10:00:00;24.931;;
195;07/31/2020;12:00:00;34.374;;
196;07/31/2020;14:00:00;39.615;;
197;07/31/2020;16:00:00;38.379;;
198;07/31/2020;18:00:00;27.075;;
199;07/31/2020;20:00:00;22.812;;
200;07/31/2020;22:00:00;20.043;;
201;08/01/2020;00:00:00;18.521;;
202;08/01/2020;02:00:00;17.189;;
203;08/01/2020;08:00:00;16.237;;
204;08/01/2020;10:00:00;15.569;;
205;08/01/2020;12:00:00;16.999;;
206;08/01/2020;14:00:00;28.953;;
207;08/01/2020;16:00:00;38.714;;
208;08/01/2020;18:00:00;43.359;;
209;08/01/2020;20:00:00;39.502;;
210;08/01/2020;22:00:00;27.665;;
211;08/01/2020;00:00:00;23.292;;
212;08/01/2020;02:00:00;20.424;;
213;08/02/2020;04:00:00;18.140;;
214;08/02/2020;06:00:00;16.713;;
215;08/02/2020;08:00:00;15.473;;
216;08/02/2020;10:00:00;14.709;;
217;08/02/2020;12:00:00;16.141;;
218;08/02/2020;14:00:00;26.781;;
219;08/02/2020;16:00:00;38.268;;
220;08/02/2020;18:00:00;38.938;;
221;08/02/2020;20:00:00;33.430;;
222;08/02/2020;22:00:00;25.610;;
223;08/02/2020;00:00:00;21.760;;
224;08/02/2020;02:00:00;18.806;;
225;08/03/2020;04:00:00;17.475;;
226;08/03/2020;06:00:00;15.091;;
227;08/03/2020;08:00:00;13.942;;
228;08/03/2020;10:00:00;13.558;;
229;08/03/2020;12:00:00;14.996;;
230;08/03/2020;14:00:00;17.094;;
231;08/03/2020;16:00:00;20.901;;
232;08/03/2020;18:00:00;27.665;;
233;08/03/2020;20:00:00;20.329;;
234;08/03/2020;22:00:00;14.804;;
235;08/03/2020;00:00:00;13.461;;
236;08/03/2020;02:00:00;11.139;;
237;08/04/2020;04:00:00;10.553;;
238;08/04/2020;06:00:00;10.357;;
239;08/04/2020;08:00:00;10.063;;
240;08/04/2020;10:00:00;9.768;;
241;08/04/2020;12:00:00;9.965;;
242;08/04/2020;14:00:00;18.236;;
243;08/04/2020;16:00:00;17.760;;
244;08/04/2020;18:00:00;21.951;;
245;08/04/2020;20:00:00;24.641;;
246;08/04/2020;22:00:00;16.713;;
247;08/04/2020;00:00:00;13.365;;
248;08/04/2020;02:00:00;11.139;;
249;08/05/2020;04:00:00;10.259;;
250;08/05/2020;06:00:00;9.472;;
251;08/05/2020;08:00:00;8.879;;
252;08/05/2020;10:00:00;8.282;;
253;08/05/2020;12:00:00;9.866;;
254;08/05/2020;14:00:00;22.621;;
255;08/05/2020;16:00:00;33.535;;
256;08/05/2020;18:00:00;38.046;;
257;08/05/2020;20:00:00;34.585;;
258;08/05/2020;22:00:00;23.100;;
259;08/05/2020;00:00:00;18.426;;
260;08/05/2020;02:00:00;15.378;;
261;08/06/2020;04:00:00;13.750;;
262;08/06/2020;06:00:00;12.497;;
263;08/06/2020;08:00:00;11.625;;
264;08/06/2020;10:00:00;10.944;;
265;08/06/2020;12:00:00;12.594;;
266;08/06/2020;14:00:00;27.370;;
267;08/06/2020;16:00:00;39.050;;
268;08/06/2020;18:00:00;43.118;;
269;08/06/2020;20:00:00;39.843;;
270;08/06/2020;22:00:00;26.683;;
271;08/06/2020;00:00:00;20.805;;
272;08/06/2020;02:00:00;17.570;;
273;08/07/2020;04:00:00;16.046;;
274;08/07/2020;06:00:00;14.421;;
275;08/07/2020;08:00:00;13.558;;
276;08/07/2020;10:00:00;12.883;;
277;08/07/2020;12:00:00;14.613;;
278;08/07/2020;14:00:00;29.252;;
279;08/07/2020;16:00:00;40.530;;
280;08/07/2020;18:00:00;43.480;;
281;08/07/2020;20:00:00;39.389;;
282;08/07/2020;22:00:00;26.977;;
283;08/07/2020;00:00:00;21.569;;
284;08/07/2020;02:00:00;18.331;;
285;08/08/2020;04:00:00;16.427;;
286;08/08/2020;06:00:00;15.282;;
287;08/08/2020;08:00:00;14.134;;
288;08/08/2020;10:00:00;13.461;;
289;08/08/2020;12:00:00;15.187;;
290;08/08/2020;14:00:00;29.452;;
291;08/08/2020;16:00:00;39.502;;
292;08/08/2020;18:00:00;43.966;;
293;08/08/2020;20:00:00;39.729;;
294;08/08/2020;22:00:00;27.173;;
295;08/08/2020;00:00:00;22.046;;
296;08/08/2020;02:00:00;18.521;;
297;08/09/2020;04:00:00;17.094;;
298;08/09/2020;06:00:00;15.473;;
299;08/09/2020;08:00:00;14.613;;
300;08/09/2020;10:00:00;14.038;;
301;08/09/2020;12:00:00;15.855;;
302;08/09/2020;14:00:00;30.659;;
303;08/09/2020;16:00:00;41.928;;
304;08/09/2020;18:00:00;42.639;;
305;08/09/2020;20:00:00;28.754;;
306;08/09/2020;22:00:00;26.390;;
307;08/09/2020;00:00:00;22.142;;
308;08/09/2020;02:00:00;18.901;;
309;08/10/2020;04:00:00;17.189;;
310;08/10/2020;06:00:00;16.427;;
311;08/10/2020;08:00:00;15.378;;
312;08/10/2020;10:00:00;14.996;;
313;08/10/2020;12:00:00;16.237;;
314;08/10/2020;14:00:00;29.552;;
315;08/10/2020;16:00:00;37.384;;
316;08/10/2020;18:00:00;43.844;;
317;08/10/2020;20:00:00;34.691;;
318;08/10/2020;22:00:00;26.488;;
319;08/10/2020;00:00:00;17.760;;
320;08/10/2020;02:00:00;16.523;;
321;08/11/2020;04:00:00;16.427;;
322;08/11/2020;06:00:00;15.091;;
323;08/11/2020;08:00:00;14.134;;
324;08/11/2020;10:00:00;14.517;;
325;08/11/2020;12:00:00;15.378;;
326;08/11/2020;14:00:00;24.158;;
327;08/11/2020;16:00:00;26.390;;
328;08/11/2020;18:00:00;26.977;;
329;08/11/2020;20:00:00;30.558;;
330;08/11/2020;22:00:00;23.196;;
331;08/11/2020;00:00:00;19.853;;
332;08/11/2020;02:00:00;16.903;;
333;08/12/2020;04:00:00;16.046;;
334;08/12/2020;06:00:00;15.282;;
335;08/12/2020;08:00:00;14.709;;
336;08/12/2020;10:00:00;14.230;;
337;08/12/2020;12:00:00;15.664;;
338;08/12/2020;14:00:00;23.004;;
339;08/12/2020;16:00:00;28.060;;
340;08/12/2020;18:00:00;30.659;;
341;08/12/2020;20:00:00;25.319;;
342;08/12/2020;22:00:00;21.378;;
343;08/12/2020;00:00:00;18.426;;
344;08/12/2020;02:00:00;17.475;;
345;08/13/2020;04:00:00;16.046;;
346;08/13/2020;06:00:00;14.900;;
347;08/13/2020;08:00:00;14.421;;
348;08/13/2020;10:00:00;14.038;;
349;08/13/2020;12:00:00;14.613;;
350;08/13/2020;14:00:00;17.760;;
351;08/13/2020;16:00:00;20.424;;
352;08/13/2020;18:00:00;26.000;;
353;08/13/2020;20:00:00;26.292;;
354;08/13/2020;22:00:00;18.140;;
355;08/13/2020;00:00:00;16.237;;
356;08/13/2020;02:00:00;14.517;;
357;08/14/2020;04:00:00;14.230;;
358;08/14/2020;06:00:00;13.365;;
359;08/14/2020;08:00:00;13.461;;
360;08/14/2020;10:00:00;12.690;;
361;08/14/2020;12:00:00;13.461;;
362;08/14/2020;14:00:00;22.046;;
363;08/14/2020;16:00:00;27.370;;
364;08/14/2020;18:00:00;29.152;;
365;08/14/2020;20:00:00;27.272;;
366;08/14/2020;22:00:00;19.758;;
367;08/14/2020;00:00:00;16.618;;
368;08/14/2020;02:00:00;14.996;;
369;08/15/2020;04:00:00;13.942;;
370;08/15/2020;06:00:00;13.269;;
371;08/15/2020;08:00:00;12.594;;
372;08/15/2020;10:00:00;12.497;;
373;08/15/2020;12:00:00;13.461;;
374;08/15/2020;14:00:00;23.004;;
375;08/15/2020;16:00:00;29.853;;
376;08/15/2020;18:00:00;32.911;;
377;08/15/2020;20:00:00;31.268;;
378;08/15/2020;22:00:00;21.760;;
379;08/15/2020;00:00:00;18.236;;
380;08/15/2020;02:00:00;16.237;;
381;08/16/2020;04:00:00;14.900;;
382;08/16/2020;06:00:00;14.325;;
383;08/16/2020;08:00:00;13.365;;
384;08/16/2020;10:00:00;12.787;;
385;08/16/2020;12:00:00;14.230;;
386;08/16/2020;14:00:00;21.951;;
387;08/16/2020;16:00:00;30.457;;
388;08/16/2020;18:00:00;35.222;;
389;08/16/2020;20:00:00;26.488;;
390;08/16/2020;22:00:00;22.142;;
391;08/16/2020;00:00:00;19.092;;
392;08/16/2020;02:00:00;16.237;;
393;08/17/2020;04:00:00;14.804;;
394;08/17/2020;06:00:00;14.613;;
395;08/17/2020;08:00:00;13.846;;
396;08/17/2020;10:00:00;13.365;;
397;08/17/2020;12:00:00;13.942;;
398;08/17/2020;14:00:00;16.523;;
399;08/17/2020;16:00:00;25.319;;
400;08/17/2020;18:00:00;23.388;;
401;08/17/2020;20:00:00;21.569;;
402;08/17/2020;22:00:00;17.855;;
403;08/17/2020;00:00:00;15.091;;
404;08/17/2020;02:00:00;13.173;;
405;08/18/2020;08:00:00;13.846;;
406;08/18/2020;10:00:00;13.558;;
407;08/18/2020;12:00:00;12.883;;
408;08/18/2020;14:00:00;11.916;;
409;08/18/2020;16:00:00;12.401;;
410;08/18/2020;18:00:00;21.282;;
411;08/18/2020;20:00:00;26.977;;
412;08/18/2020;22:00:00;30.054;;
413;08/18/2020;00:00:00;28.357;;
414;08/18/2020;02:00:00;20.996;;
415;08/18/2020;04:00:00;17.189;;
416;08/18/2020;06:00:00;15.187;;
417;08/19/2020;08:00:00;13.942;;
418;08/19/2020;10:00:00;12.980;;
419;08/19/2020;12:00:00;12.304;;
420;08/19/2020;14:00:00;11.916;;
421;08/19/2020;16:00:00;13.076;;
422;08/19/2020;18:00:00;23.581;;
423;08/19/2020;20:00:00;32.497;;
424;08/19/2020;22:00:00;36.511;;
425;08/19/2020;00:00:00;32.911;;
426;08/19/2020;02:00:00;23.004;;
427;08/19/2020;04:00:00;19.472;;
428;08/19/2020;06:00:00;17.379;;
429;08/20/2020;08:00:00;16.237;;
430;08/20/2020;10:00:00;15.473;;
431;08/20/2020;12:00:00;14.613;;
432;08/20/2020;14:00:00;14.230;;
433;08/20/2020;16:00:00;15.187;;
434;08/20/2020;18:00:00;26.683;;
435;08/20/2020;20:00:00;35.864;;
436;08/20/2020;22:00:00;39.276;;
437;08/20/2020;00:00:00;35.864;;
438;08/20/2020;02:00:00;24.835;;
439;08/20/2020;04:00:00;20.615;;
440;08/20/2020;06:00:00;18.521;;
441;08/21/2020;08:00:00;17.475;;
442;08/21/2020;10:00:00;16.713;;
443;08/21/2020;12:00:00;16.237;;
444;08/21/2020;14:00:00;15.760;;
445;08/21/2020;16:00:00;16.523;;
446;08/21/2020;18:00:00;28.853;;
447;08/21/2020;20:00:00;37.165;;
448;08/21/2020;22:00:00;40.992;;
449;08/21/2020;00:00:00;37.494;;
450;08/21/2020;02:00:00;26.195;;
451;08/21/2020;04:00:00;21.664;;
452;08/21/2020;06:00:00;19.282;;
453;08/22/2020;08:00:00;17.760;;
454;08/22/2020;10:00:00;16.903;;
455;08/22/2020;12:00:00;15.855;;
456;08/22/2020;14:00:00;15.282;;
457;08/22/2020;16:00:00;16.141;;
458;08/22/2020;18:00:00;20.901;;
459;08/22/2020;20:00:00;33.953;;
460;08/22/2020;22:00:00;38.602;;
461;08/22/2020;00:00:00;35.435;;
462;08/22/2020;02:00:00;23.677;;
463;08/22/2020;04:00:00;19.187;;
464;08/22/2020;06:00:00;16.713;;
465;08/23/2020;08:00:00;16.713;;
466;08/23/2020;10:00:00;15.569;;
467;08/23/2020;12:00:00;14.134;;
468;08/23/2020;14:00:00;13.173;;
469;08/23/2020;16:00:00;13.846;;
470;08/23/2020;18:00:00;25.708;;
471;08/23/2020;20:00:00;32.497;;
472;08/23/2020;22:00:00;38.602;;
473;08/23/2020;00:00:00;35.864;;
474;08/23/2020;02:00:00;23.581;;
475;08/23/2020;04:00:00;18.331;;
476;08/23/2020;06:00:00;15.473;;
477;08/24/2020;08:00:00;13.654;;
478;08/24/2020;10:00:00;12.690;;
479;08/24/2020;12:00:00;12.013;;
480;08/24/2020;14:00:00;11.722;;
481;08/24/2020;16:00:00;12.787;;
482;08/24/2020;18:00:00;25.610;;
483;08/24/2020;20:00:00;36.079;;
484;08/24/2020;22:00:00;39.502;;
485;08/24/2020;00:00:00;34.374;;
486;08/24/2020;02:00:00;22.908;;
487;08/24/2020;04:00:00;18.331;;
488;08/24/2020;06:00:00;15.187;;
489;08/25/2020;08:00:00;13.750;;
490;08/25/2020;10:00:00;12.497;;
491;08/25/2020;12:00:00;11.431;;
492;08/25/2020;14:00:00;10.944;;
493;08/25/2020;16:00:00;12.883;;
494;08/25/2020;18:00:00;21.951;;
495;08/25/2020;20:00:00;33.430;;
496;08/25/2020;22:00:00;39.276;;
497;08/25/2020;00:00:00;35.649;;
498;08/25/2020;02:00:00;23.773;;
499;08/25/2020;04:00:00;19.282;;
500;08/25/2020;06:00:00;17.094;;
501;08/26/2020;08:00:00;15.951;;
502;08/26/2020;10:00:00;14.900;;
503;08/26/2020;12:00:00;14.421;;
504;08/26/2020;14:00:00;14.038;;
505;08/26/2020;16:00:00;14.804;;
506;08/26/2020;18:00:00;24.351;;
507;08/26/2020;20:00:00;36.946;;
508;08/26/2020;22:00:00;40.415;;
509;08/26/2020;00:00:00;35.864;;
510;08/26/2020;02:00:00;24.255;;
511;08/26/2020;04:00:00;19.472;;
512;08/26/2020;06:00:00;17.094;;
513;08/27/2020;08:00:00;15.473;;
514;08/27/2020;10:00:00;14.038;;
515;08/27/2020;12:00:00;13.076;;
516;08/27/2020;14:00:00;12.207;;
517;08/27/2020;16:00:00;13.558;;
518;08/27/2020;18:00:00;28.258;;
519;08/27/2020;20:00:00;38.938;;
520;08/27/2020;22:00:00;43.238;;
521;08/27/2020;00:00:00;36.620;;
522;08/27/2020;02:00:00;24.641;;
523;08/27/2020;04:00:00;20.519;;
524;08/27/2020;06:00:00;17.855;;
525;08/28/2020;08:00:00;16.237;;
526;08/28/2020;10:00:00;15.091;;
527;08/28/2020;12:00:00;14.613;;
528;08/28/2020;14:00:00;13.750;;
529;08/28/2020;16:00:00;14.517;;
530;08/28/2020;18:00:00;23.966;;
531;08/28/2020;20:00:00;20.043;;
532;08/28/2020;22:00:00;14.230;;
533;08/28/2020;00:00:00;13.654;;
534;08/28/2020;02:00:00;12.980;;
535;08/28/2020;04:00:00;12.690;;
536;08/28/2020;06:00:00;12.594;;
537;08/29/2020;08:00:00;11.625;;
538;08/29/2020;10:00:00;11.041;;
539;08/29/2020;12:00:00;11.041;;
540;08/29/2020;14:00:00;10.748;;
541;08/29/2020;16:00:00;10.846;;
542;08/29/2020;18:00:00;10.259;;
543;08/29/2020;20:00:00;11.431;;
544;08/29/2020;22:00:00;12.883;;
545;08/29/2020;00:00:00;13.654;;
546;08/29/2020;02:00:00;12.690;;
547;08/29/2020;04:00:00;12.594;;
548;08/29/2020;06:00:00;11.431;;
549;08/30/2020;08:00:00;11.334;;
550;08/30/2020;10:00:00;10.846;;
551;08/30/2020;12:00:00;10.161;;
552;08/30/2020;14:00:00;9.965;;
553;08/30/2020;16:00:00;9.768;;
554;08/30/2020;18:00:00;9.866;;
555;08/30/2020;20:00:00;12.497;;
556;08/30/2020;22:00:00;13.365;;
557;08/30/2020;00:00:00;14.709;;
558;08/30/2020;02:00:00;12.497;;
559;08/30/2020;04:00:00;11.041;;
560;08/30/2020;06:00:00;9.571;;
561;08/31/2020;08:00:00;9.176;;
562;08/31/2020;10:00:00;8.481;;
563;08/31/2020;12:00:00;7.481;;
564;08/31/2020;14:00:00;6.978;;
565;08/31/2020;16:00:00;8.481;;
566;08/31/2020;18:00:00;17.094;;
567;08/31/2020;20:00:00;23.292;;
568;08/31/2020;22:00:00;20.329;;
569;08/31/2020;00:00:00;19.187;;
570;08/31/2020;02:00:00;13.558;;
571;08/31/2020;04:00:00;11.431;;
572;08/31/2020;06:00:00;9.571;;
573;09/01/2020;08:00:00;8.481;;
574;09/01/2020;10:00:00;7.882;;
575;09/01/2020;12:00:00;7.381;;
576;09/01/2020;14:00:00;6.978;;
577;09/01/2020;16:00:00;7.882;;
578;09/01/2020;18:00:00;18.426;;
579;09/01/2020;20:00:00;25.222;;
580;09/01/2020;22:00:00;27.272;;
581;09/01/2020;00:00:00;23.773;;
582;09/01/2020;02:00:00;15.855;;
583;09/01/2020;04:00:00;13.654;;
584;09/01/2020;06:00:00;12.690;;
585;09/02/2020;08:00:00;10.846;;
586;09/02/2020;10:00:00;9.768;;
587;09/02/2020;12:00:00;9.077;;
588;09/02/2020;14:00:00;8.481;;
589;09/02/2020;16:00:00;9.275;;
590;09/02/2020;18:00:00;19.472;;
591;09/02/2020;20:00:00;21.951;;
592;09/02/2020;22:00:00;26.097;;
593;09/02/2020;00:00:00;22.525;;
594;09/02/2020;02:00:00;15.091;;
595;09/02/2020;04:00:00;12.883;;
596;09/02/2020;06:00:00;11.916;;
597;09/03/2020;08:00:00;10.455;;
598;09/03/2020;10:00:00;9.472;;
599;09/03/2020;12:00:00;8.879;;
600;09/03/2020;14:00:00;8.282;;
601;09/03/2020;16:00:00;9.077;;
602;09/03/2020;18:00:00;19.853;;
603;09/03/2020;20:00:00;26.683;;
604;09/03/2020;22:00:00;28.953;;
605;09/03/2020;00:00:00;27.468;;
606;09/03/2020;02:00:00;18.521;;
607;09/03/2020;08:00:00;15.378;;
608;09/03/2020;10:00:00;13.365;;
609;09/04/2020;12:00:00;12.304;;
610;09/04/2020;14:00:00;11.431;;
611;09/04/2020;16:00:00;10.944;;
612;09/04/2020;18:00:00;10.553;;
613;09/04/2020;20:00:00;11.625;;
614;09/04/2020;22:00:00;22.812;;
615;09/04/2020;00:00:00;29.953;;
616;09/04/2020;02:00:00;31.778;;
617;09/04/2020;04:00:00;29.352;;
618;09/04/2020;06:00:00;20.710;;
619;09/04/2020;08:00:00;17.475;;
620;09/04/2020;10:00:00;15.378;;
621;09/05/2020;12:00:00;14.134;;
622;09/05/2020;14:00:00;13.365;;
623;09/05/2020;16:00:00;12.690;;
624;09/05/2020;18:00:00;12.207;;
625;09/05/2020;20:00:00;13.076;;
626;09/05/2020;22:00:00;23.292;;
627;09/05/2020;00:00:00;30.558;;
628;09/05/2020;02:00:00;31.778;;
629;09/05/2020;04:00:00;29.452;;
630;09/05/2020;06:00:00;20.805;;
631;09/05/2020;08:00:00;17.475;;
632;09/05/2020;10:00:00;15.187;;
633;09/06/2020;12:00:00;13.846;;
634;09/06/2020;14:00:00;12.883;;
635;09/06/2020;16:00:00;12.013;;
636;09/06/2020;18:00:00;11.334;;
637;09/06/2020;20:00:00;11.916;;
638;09/06/2020;22:00:00;22.142;;
639;09/06/2020;00:00:00;23.581;;
640;09/06/2020;02:00:00;31.166;;
641;09/06/2020;04:00:00;28.853;;
642;09/06/2020;06:00:00;18.616;;
643;09/06/2020;08:00:00;15.473;;
644;09/06/2020;10:00:00;14.709;;
645;09/07/2020;12:00:00;13.173;;
646;09/07/2020;14:00:00;11.528;;
647;09/07/2020;16:00:00;10.748;;
648;09/07/2020;18:00:00;9.965;;
649;09/07/2020;20:00:00;10.161;;
650;09/07/2020;22:00:00;20.805;;
651;09/07/2020;00:00:00;29.652;;
652;09/07/2020;02:00:00;33.848;;
653;09/07/2020;04:00:00;31.268;;
654;09/07/2020;06:00:00;20.615;;
655;09/07/2020;08:00:00;17.475;;
656;09/07/2020;10:00:00;15.855;;
657;09/08/2020;12:00:00;13.654;;
658;09/08/2020;14:00:00;12.497;;
659;09/08/2020;16:00:00;11.819;;
660;09/08/2020;18:00:00;11.139;;
661;09/08/2020;20:00:00;11.916;;
662;09/08/2020;22:00:00;23.292;;
663;09/08/2020;00:00:00;32.291;;
664;09/08/2020;02:00:00;35.328;;
665;09/08/2020;04:00:00;31.268;;
666;09/08/2020;06:00:00;21.473;;
667;09/08/2020;08:00:00;17.855;;
668;09/08/2020;10:00:00;15.664;;
669;09/09/2020;12:00:00;14.517;;
670;09/09/2020;14:00:00;13.750;;
671;09/09/2020;16:00:00;12.980;;
672;09/09/2020;18:00:00;12.401;;
673;09/09/2020;20:00:00;12.980;;
674;09/09/2020;22:00:00;22.908;;
675;09/09/2020;00:00:00;20.996;;
676;09/09/2020;02:00:00;20.519;;
677;09/09/2020;04:00:00;24.255;;
678;09/09/2020;06:00:00;20.043;;
679;09/09/2020;08:00:00;17.379;;
680;09/09/2020;10:00:00;15.664;;
681;09/10/2020;12:00:00;14.421;;
682;09/10/2020;14:00:00;13.750;;
683;09/10/2020;16:00:00;13.076;;
684;09/10/2020;18:00:00;12.110;;
685;09/10/2020;20:00:00;12.690;;
686;09/10/2020;22:00:00;22.812;;
687;09/10/2020;00:00:00;32.086;;
688;09/10/2020;02:00:00;34.374;;
689;09/10/2020;04:00:00;33.222;;
690;09/10/2020;06:00:00;20.043;;
691;09/10/2020;08:00:00;16.427;;
692;09/10/2020;10:00:00;15.187;;
693;09/11/2020;12:00:00;14.613;;
694;09/11/2020;14:00:00;13.750;;
695;09/11/2020;16:00:00;12.594;;
696;09/11/2020;18:00:00;11.916;;
697;09/11/2020;20:00:00;12.401;;
698;09/11/2020;22:00:00;21.951;;
699;09/11/2020;00:00:00;28.754;;
700;09/11/2020;02:00:00;27.173;;
701;09/11/2020;04:00:00;26.585;;
702;09/11/2020;06:00:00;18.616;;
703;09/11/2020;08:00:00;16.903;;
704;09/11/2020;10:00:00;15.569;;
705;09/12/2020;12:00:00;14.421;;
706;09/12/2020;14:00:00;13.365;;
707;09/12/2020;16:00:00;12.690;;
708;09/12/2020;18:00:00;12.110;;
709;09/12/2020;20:00:00;12.980;;
710;09/12/2020;22:00:00;22.525;;
711;09/12/2020;00:00:00;26.097;;
712;09/12/2020;02:00:00;29.152;;
713;09/12/2020;04:00:00;28.655;;
714;09/12/2020;06:00:00;22.812;;
715;09/12/2020;08:00:00;18.045;;
716;09/12/2020;10:00:00;15.664;;
717;09/13/2020;12:00:00;14.517;;
718;09/13/2020;14:00:00;13.750;;
719;09/13/2020;16:00:00;13.173;;
720;09/13/2020;18:00:00;12.690;;
721;09/13/2020;20:00:00;13.365;;
722;09/13/2020;22:00:00;22.908;;
723;09/13/2020;00:00:00;30.760;;
724;09/13/2020;02:00:00;33.848;;
725;09/13/2020;04:00:00;31.472;;
726;09/13/2020;06:00:00;23.196;;
727;09/13/2020;08:00:00;20.329;;
728;09/13/2020;10:00:00;18.331;;
729;09/14/2020;12:00:00;16.523;;
730;09/14/2020;14:00:00;15.378;;
731;09/14/2020;16:00:00;14.613;;
732;09/14/2020;18:00:00;13.846;;
733;09/14/2020;20:00:00;13.942;;
734;09/14/2020;22:00:00;24.062;;
735;09/14/2020;00:00:00;33.014;;
736;09/14/2020;02:00:00;34.691;;
737;09/14/2020;04:00:00;30.054;;
738;09/14/2020;06:00:00;22.525;;
739;09/14/2020;08:00:00;18.996;;
740;09/14/2020;10:00:00;17.665;;
741;09/15/2020;12:00:00;15.951;;
742;09/15/2020;14:00:00;14.709;;
743;09/15/2020;16:00:00;13.558;;
744;09/15/2020;18:00:00;12.883;;
745;09/15/2020;20:00:00;13.173;;
746;09/15/2020;22:00:00;24.158;;
747;09/15/2020;00:00:00;33.430;;
748;09/15/2020;02:00:00;37.274;;
749;09/15/2020;04:00:00;32.600;;
750;09/15/2020;06:00:00;22.333;;
751;09/15/2020;08:00:00;18.901;;
752;09/15/2020;10:00:00;16.903;;
753;09/16/2020;12:00:00;15.760;;
754;09/16/2020;14:00:00;15.091;;
755;09/16/2020;16:00:00;14.230;;
756;09/16/2020;18:00:00;13.654;;
757;09/16/2020;20:00:00;13.942;;
758;09/16/2020;22:00:00;24.448;;
759;09/16/2020;00:00:00;33.743;;
760;09/16/2020;02:00:00;37.824;;
761;09/16/2020;04:00:00;34.268;;
762;09/16/2020;06:00:00;21.282;;
763;09/16/2020;08:00:00;18.331;;
764;09/16/2020;10:00:00;15.855;;
765;09/17/2020;12:00:00;14.517;;
766;09/17/2020;14:00:00;13.654;;
767;09/17/2020;16:00:00;12.787;;
768;09/17/2020;18:00:00;12.110;;
769;09/17/2020;20:00:00;12.497;;
770;09/17/2020;22:00:00;22.812;;
771;09/17/2020;00:00:00;30.862;;
772;09/17/2020;02:00:00;35.009;;
773;09/17/2020;04:00:00;32.086;;
774;09/17/2020;06:00:00;23.388;;
775;09/17/2020;08:00:00;19.758;;
776;09/17/2020;10:00:00;17.570;;
777;09/18/2020;12:00:00;15.951;;
778;09/18/2020;14:00:00;14.996;;
779;09/18/2020;16:00:00;14.038;;
780;09/18/2020;18:00:00;13.365;;
781;09/18/2020;20:00:00;13.461;;
782;09/18/2020;22:00:00;24.351;;
783;09/18/2020;00:00:00;33.848;;
784;09/18/2020;02:00:00;37.055;;
785;09/18/2020;04:00:00;33.222;;
786;09/18/2020;06:00:00;22.429;;
787;09/18/2020;08:00:00;18.901;;
788;09/18/2020;10:00:00;16.713;;
789;09/19/2020;12:00:00;16.141;;
790;09/19/2020;14:00:00;15.760;;
791;09/19/2020;16:00:00;15.091;;
792;09/19/2020;18:00:00;14.230;;
793;09/19/2020;20:00:00;14.325;;
794;09/19/2020;22:00:00;21.664;;
795;09/19/2020;00:00:00;27.370;;
796;09/19/2020;02:00:00;26.683;;
797;09/19/2020;04:00:00;25.222;;
798;09/19/2020;06:00:00;18.711;;
799;09/19/2020;08:00:00;16.332;;
800;09/19/2020;10:00:00;14.613;;
801;09/20/2020;12:00:00;13.558;;
802;09/20/2020;14:00:00;13.365;;
803;09/20/2020;16:00:00;13.846;;
804;09/20/2020;18:00:00;13.173;;
805;09/20/2020;20:00:00;13.173;;
806;09/20/2020;22:00:00;16.427;;
807;09/20/2020;00:00:00;24.062;;
808;09/20/2020;02:00:00;20.901;;
809;09/20/2020;08:00:00;18.521;;
810;09/20/2020;10:00:00;16.332;;
811;09/20/2020;12:00:00;13.654;;
812;09/20/2020;14:00:00;13.558;;
813;09/21/2020;16:00:00;13.365;;
814;09/21/2020;18:00:00;12.690;;
815;09/21/2020;20:00:00;12.594;;
816;09/21/2020;22:00:00;11.431;;
817;09/21/2020;00:00:00;12.304;;
818;09/21/2020;02:00:00;14.421;;
819;09/21/2020;04:00:00;18.711;;
820;09/21/2020;06:00:00;20.996;;
821;09/21/2020;08:00:00;17.950;;
822;09/21/2020;10:00:00;15.473;;
823;09/21/2020;12:00:00;13.654;;
824;09/21/2020;14:00:00;12.980;;
825;09/22/2020;16:00:00;12.690;;
826;09/22/2020;18:00:00;12.304;;
827;09/22/2020;20:00:00;11.528;;
828;09/22/2020;22:00:00;10.651;;
829;09/22/2020;00:00:00;11.334;;
830;09/22/2020;02:00:00;19.377;;
831;09/22/2020;04:00:00;18.521;;
832;09/22/2020;06:00:00;18.711;;
833;09/22/2020;08:00:00;15.091;;
834;09/22/2020;10:00:00;14.709;;
835;09/22/2020;12:00:00;12.110;;
836;09/22/2020;14:00:00;11.625;;
837;09/23/2020;16:00:00;11.334;;
838;09/23/2020;18:00:00;10.944;;
839;09/23/2020;20:00:00;10.846;;
840;09/23/2020;22:00:00;10.748;;
841;09/23/2020;00:00:00;10.846;;
842;09/23/2020;02:00:00;20.234;;
843;09/23/2020;04:00:00;18.711;;
844;09/23/2020;06:00:00;23.677;;
845;09/23/2020;08:00:00;23.100;;
846;09/23/2020;10:00:00;16.808;;
847;09/23/2020;12:00:00;13.558;;
848;09/23/2020;14:00:00;11.819;;
849;09/24/2020;16:00:00;12.110;;
850;09/24/2020;18:00:00;10.846;;
851;09/24/2020;20:00:00;10.944;;
852;09/24/2020;22:00:00;10.846;;
853;09/24/2020;00:00:00;10.455;;
854;09/24/2020;02:00:00;13.173;;
855;09/24/2020;04:00:00;12.980;;
856;09/24/2020;06:00:00;13.654;;
857;09/24/2020;08:00:00;12.980;;
858;09/24/2020;10:00:00;11.431;;
859;09/24/2020;12:00:00;10.455;;
860;09/24/2020;14:00:00;9.373;;
861;09/25/2020;16:00:00;8.779;;
862;09/25/2020;18:00:00;7.882;;
863;09/25/2020;20:00:00;7.782;;
864;09/25/2020;22:00:00;6.573;;
865;09/25/2020;00:00:00;4.831;;
866;09/25/2020;02:00:00;5.962;;
867;09/25/2020;04:00:00;12.207;;
868;09/25/2020;06:00:00;9.768;;
869;09/25/2020;08:00:00;9.965;;
870;09/25/2020;10:00:00;5.347;;
871;09/25/2020;12:00:00;5.141;;
872;09/25/2020;14:00:00;5.757;;
873;09/26/2020;16:00:00;5.655;;
874;09/26/2020;18:00:00;5.552;;
875;09/26/2020;20:00:00;5.244;;
876;09/26/2020;22:00:00;5.450;;
877;09/26/2020;00:00:00;5.450;;
878;09/26/2020;02:00:00;5.552;;
879;09/26/2020;04:00:00;5.552;;
880;09/26/2020;06:00:00;5.141;;
881;09/26/2020;08:00:00;4.831;;
882;09/26/2020;10:00:00;4.831;;
883;09/26/2020;12:00:00;4.934;;
884;09/26/2020;14:00:00;5.037;;
885;09/27/2020;16:00:00;5.244;;
886;09/27/2020;18:00:00;5.347;;
887;09/27/2020;20:00:00;5.347;;
888;09/27/2020;22:00:00;5.552;;
889;09/27/2020;00:00:00;5.757;;
890;09/27/2020;02:00:00;5.962;;
891;09/27/2020;04:00:00;6.268;;
892;09/27/2020;06:00:00;6.573;;
893;09/27/2020;08:00:00;5.962;;
894;09/27/2020;10:00:00;5.450;;
895;09/27/2020;12:00:00;5.244;;
896;09/27/2020;14:00:00;5.244;;
897;09/28/2020;16:00:00;5.347;;
898;09/28/2020;18:00:00;5.347;;
899;09/28/2020;20:00:00;5.347;;
900;09/28/2020;22:00:00;5.347;;
901;09/28/2020;00:00:00;5.347;;
902;09/28/2020;02:00:00;5.962;;
903;09/28/2020;04:00:00;13.269;;
904;09/28/2020;06:00:00;17.570;;
905;09/28/2020;08:00:00;17.475;;
906;09/28/2020;10:00:00;10.748;;
907;09/28/2020;12:00:00;7.882;;
908;09/28/2020;14:00:00;7.582;;
909;09/29/2020;16:00:00;7.079;;
910;09/29/2020;18:00:00;7.079;;
911;09/29/2020;20:00:00;7.079;;
912;09/29/2020;22:00:00;6.877;;
913;09/29/2020;00:00:00;6.674;;
914;09/29/2020;02:00:00;14.613;;
915;09/29/2020;04:00:00;21.091;;
916;09/29/2020;06:00:00;22.333;;
917;09/29/2020;08:00:00;19.472;;
918;09/29/2020;10:00:00;15.187;;
919;09/29/2020;12:00:00;11.916;;
920;09/29/2020;14:00:00;9.866;;
921;09/30/2020;16:00:00;8.680;;
922;09/30/2020;18:00:00;7.882;;
923;09/30/2020;20:00:00;7.582;;
924;09/30/2020;22:00:00;7.179;;
925;09/30/2020;00:00:00;7.280;;
926;09/30/2020;02:00:00;15.951;;
927;09/30/2020;04:00:00;23.100;;
928;09/30/2020;06:00:00;22.908;;
929;09/30/2020;08:00:00;20.424;;
930;09/30/2020;10:00:00;12.980;;
931;09/30/2020;12:00:00;10.748;;
932;09/30/2020;14:00:00;9.472;;
933;10/01/2020;16:00:00;8.581;;
934;10/01/2020;18:00:00;7.782;;
935;10/01/2020;20:00:00;6.877;;
936;10/01/2020;22:00:00;6.674;;
937;10/01/2020;00:00:00;6.573;;
938;10/01/2020;02:00:00;13.461;;
939;10/01/2020;04:00:00;15.951;;
940;10/01/2020;06:00:00;11.528;;
941;10/01/2020;08:00:00;10.063;;
942;10/01/2020;10:00:00;9.571;;
943;10/01/2020;12:00:00;8.481;;
944;10/01/2020;14:00:00;8.382;;
945;10/02/2020;16:00:00;8.382;;
946;10/02/2020;18:00:00;7.983;;
947;10/02/2020;20:00:00;7.782;;
948;10/02/2020;22:00:00;7.481;;
949;10/02/2020;00:00:00;7.179;;
950;10/02/2020;02:00:00;7.782;;
951;10/02/2020;04:00:00;8.978;;
952;10/02/2020;06:00:00;8.282;;
953;10/02/2020;08:00:00;8.779;;
954;10/02/2020;10:00:00;8.382;;
955;10/02/2020;12:00:00;7.983;;
956;10/02/2020;14:00:00;7.782;;
957;10/03/2020;16:00:00;7.582;;
958;10/03/2020;18:00:00;5.757;;
959;10/03/2020;20:00:00;6.268;;
960;10/03/2020;22:00:00;4.831;;
961;10/03/2020;00:00:00;3.683;;
962;10/03/2020;02:00:00;8.182;;
963;10/03/2020;04:00:00;10.259;;
964;10/03/2020;06:00:00;9.176;;
965;10/03/2020;08:00:00;9.176;;
966;10/03/2020;10:00:00;6.370;;
967;10/03/2020;12:00:00;4.415;;
968;10/03/2020;14:00:00;4.415;;
969;10/04/2020;16:00:00;2.943;;
970;10/04/2020;18:00:00;3.683;;
971;10/04/2020;20:00:00;3.893;;
972;10/04/2020;22:00:00;3.683;;
973;10/04/2020;00:00:00;3.472;;
974;10/04/2020;02:00:00;4.519;;
975;10/04/2020;04:00:00;4.519;;
976;10/04/2020;06:00:00;8.581;;
977;10/04/2020;08:00:00;9.176;;
978;10/04/2020;10:00:00;6.370;;
979;10/04/2020;12:00:00;4.519;;
980;10/04/2020;14:00:00;3.893;;
981;10/05/2020;16:00:00;3.683;;
982;10/05/2020;18:00:00;3.683;;
983;10/05/2020;20:00:00;3.261;;
984;10/05/2020;22:00:00;3.367;;
985;10/05/2020;00:00:00;3.367;;
986;10/05/2020;02:00:00;3.683;;
987;10/05/2020;04:00:00;4.207;;
988;10/05/2020;06:00:00;8.481;;
989;10/05/2020;08:00:00;6.877;;
990;10/05/2020;10:00:00;5.757;;
991;10/05/2020;12:00:00;2.943;;
992;10/05/2020;14:00:00;3.367;;
993;10/06/2020;16:00:00;3.788;;
994;10/06/2020;18:00:00;3.472;;
995;10/06/2020;20:00:00;3.049;;
996;10/06/2020;22:00:00;3.049;;
997;10/06/2020;00:00:00;3.683;;
998;10/06/2020;02:00:00;3.049;;
999;10/06/2020;04:00:00;3.578;;
1000;10/06/2020;06:00:00;4.727;;
1001;10/06/2020;08:00:00;5.962;;
1002;10/06/2020;10:00:00;5.655;;
1003;10/06/2020;12:00:00;5.552;;
1004;10/06/2020;14:00:00;5.037;;
1005;10/07/2020;16:00:00;4.831;;
1006;10/07/2020;18:00:00;3.578;;
1007;10/07/2020;20:00:00;2.303;;
1008;10/07/2020;22:00:00;2.837;;
1009;10/07/2020;00:00:00;3.155;;
1010;10/07/2020;02:00:00;5.860;;
1011;10/07/2020;08:00:00;17.570;;
1012;10/07/2020;10:00:00;19.092;;
1013;10/07/2020;12:00:00;16.427;;
1014;10/07/2020;14:00:00;8.779;;
1015;10/07/2020;16:00:00;6.370;;
1016;10/07/2020;18:00:00;5.037;;
1017;10/08/2020;20:00:00;4.311;;
1018;10/08/2020;22:00:00;3.788;;
1019;10/08/2020;00:00:00;3.578;;
1020;10/08/2020;02:00:00;3.472;;
1021;10/08/2020;04:00:00;3.893;;
1022;10/08/2020;06:00:00;13.654;;
1023;10/08/2020;08:00:00;20.901;;
1024;10/08/2020;10:00:00;23.388;;
1025;10/08/2020;12:00:00;20.996;;
1026;10/08/2020;14:00:00;13.269;;
1027;10/08/2020;16:00:00;10.063;;
1028;10/08/2020;18:00:00;8.481;;
1029;10/09/2020;20:00:00;7.280;;
1030;10/09/2020;22:00:00;6.573;;
1031;10/09/2020;00:00:00;6.268;;
1032;10/09/2020;02:00:00;5.552;;
1033;10/09/2020;04:00:00;5.450;;
1034;10/09/2020;06:00:00;8.978;;
1035;10/09/2020;08:00:00;14.038;;
1036;10/09/2020;10:00:00;17.760;;
1037;10/09/2020;12:00:00;16.046;;
1038;10/09/2020;14:00:00;10.748;;
1039;10/09/2020;16:00:00;8.082;;
1040;10/09/2020;18:00:00;6.978;;
1041;10/10/2020;20:00:00;6.166;;
1042;10/10/2020;22:00:00;5.655;;
1043;10/10/2020;00:00:00;5.141;;
1044;10/10/2020;02:00:00;4.519;;
1045;10/10/2020;04:00:00;4.207;;
1046;10/10/2020;06:00:00;13.173;;
1047;10/10/2020;08:00:00;17.760;;
1048;10/10/2020;10:00:00;10.259;;
1049;10/10/2020;12:00:00;9.077;;
1050;10/10/2020;14:00:00;8.481;;
1051;10/10/2020;16:00:00;6.268;;
1052;10/10/2020;18:00:00;4.934;;
1053;10/11/2020;20:00:00;4.102;;
1054;10/11/2020;22:00:00;3.893;;
1055;10/11/2020;00:00:00;3.261;;
1056;10/11/2020;02:00:00;3.367;;
1057;10/11/2020;04:00:00;2.943;;
1058;10/11/2020;06:00:00;6.573;;
1059;10/11/2020;08:00:00;14.325;;
1060;10/11/2020;10:00:00;13.750;;
1061;10/11/2020;12:00:00;8.680;;
1062;10/11/2020;14:00:00;5.347;;
1063;10/11/2020;16:00:00;3.367;;
1064;10/11/2020;18:00:00;2.730;;
1065;10/12/2020;20:00:00;2.410;;
1066;10/12/2020;22:00:00;2.088;;
1067;10/12/2020;00:00:00;1.439;;
1068;10/12/2020;02:00:00;1.112;;
1069;10/12/2020;04:00:00;0.893;;
1070;10/12/2020;06:00:00;7.079;;
1071;10/12/2020;08:00:00;13.173;;
1072;10/12/2020;10:00:00;15.760;;
1073;10/12/2020;12:00:00;12.690;;
1074;10/12/2020;14:00:00;5.141;;
1075;10/12/2020;16:00:00;3.049;;
1076;10/12/2020;18:00:00;2.517;;
1077;10/13/2020;20:00:00;2.088;;
1078;10/13/2020;22:00:00;1.764;;
1079;10/13/2020;00:00:00;1.439;;
1080;10/13/2020;02:00:00;1.221;;
1081;10/13/2020;04:00:00;1.112;;
1082;10/13/2020;06:00:00;8.978;;
1083;10/13/2020;08:00:00;10.259;;
1084;10/13/2020;10:00:00;14.517;;
1085;10/13/2020;12:00:00;13.654;;
1086;10/13/2020;14:00:00;7.882;;
1087;10/13/2020;16:00:00;6.370;;
1088;10/13/2020;18:00:00;3.893;;
1089;10/14/2020;20:00:00;4.519;;
1090;10/14/2020;22:00:00;4.311;;
1091;10/14/2020;00:00:00;4.311;;
1092;10/14/2020;02:00:00;3.049;;
1093;10/14/2020;04:00:00;2.517;;
1094;10/14/2020;06:00:00;11.334;;
1095;10/14/2020;08:00:00;11.916;;
1096;10/14/2020;10:00:00;9.669;;
1097;10/14/2020;12:00:00;10.063;;
1098;10/14/2020;14:00:00;7.682;;
1099;10/14/2020;16:00:00;4.831;;
1100;10/14/2020;18:00:00;4.727;;
1101;10/15/2020;20:00:00;4.311;;
1102;10/15/2020;22:00:00;3.998;;
1103;10/15/2020;00:00:00;3.788;;
1104;10/15/2020;02:00:00;3.683;;
1105;10/15/2020;04:00:00;3.367;;
1106;10/15/2020;06:00:00;5.347;;
1107;10/15/2020;08:00:00;7.079;;
1108;10/15/2020;10:00:00;6.775;;
1109;10/15/2020;12:00:00;6.471;;
1110;10/15/2020;14:00:00;5.347;;
1111;10/15/2020;16:00:00;3.788;;
1112;10/15/2020;18:00:00;3.155;;
1113;10/16/2020;20:00:00;2.837;;
1114;10/16/2020;22:00:00;3.049;;
1115;10/16/2020;00:00:00;3.155;;
1116;10/16/2020;02:00:00;2.943;;
1117;10/16/2020;04:00:00;2.943;;
1118;10/16/2020;06:00:00;5.450;;
1119;10/16/2020;08:00:00;7.682;;
1120;10/16/2020;10:00:00;9.768;;
1121;10/16/2020;12:00:00;7.782;;
1122;10/16/2020;14:00:00;5.962;;
1123;10/16/2020;16:00:00;5.141;;
1124;10/16/2020;18:00:00;4.311;;
1125;10/17/2020;20:00:00;3.155;;
1126;10/17/2020;22:00:00;2.303;;
1127;10/17/2020;00:00:00;1.980;;
1128;10/17/2020;02:00:00;1.764;;
1129;10/17/2020;04:00:00;1.656;;
1130;10/17/2020;06:00:00;9.866;;
1131;10/17/2020;08:00:00;17.665;;
1132;10/17/2020;10:00:00;20.710;;
1133;10/17/2020;12:00:00;17.094;;
1134;10/17/2020;14:00:00;8.680;;
1135;10/17/2020;16:00:00;6.166;;
1136;10/17/2020;18:00:00;6.064;;
1137;10/18/2020;20:00:00;5.141;;
1138;10/18/2020;22:00:00;3.578;;
1139;10/18/2020;00:00:00;3.049;;
1140;10/18/2020;02:00:00;2.517;;
1141;10/18/2020;04:00:00;2.195;;
1142;10/18/2020;06:00:00;10.944;;
1143;10/18/2020;08:00:00;18.711;;
1144;10/18/2020;10:00:00;21.091;;
1145;10/18/2020;12:00:00;18.901;;
1146;10/18/2020;14:00:00;9.571;;
1147;10/18/2020;16:00:00;6.775;;
1148;10/18/2020;18:00:00;5.244;;
1149;10/19/2020;20:00:00;4.311;;
1150;10/19/2020;22:00:00;3.578;;
1151;10/19/2020;00:00:00;2.943;;
1152;10/19/2020;02:00:00;2.410;;
1153;10/19/2020;04:00:00;2.303;;
1154;10/19/2020;06:00:00;10.748;;
1155;10/19/2020;08:00:00;18.236;;
1156;10/19/2020;10:00:00;21.091;;
1157;10/19/2020;12:00:00;17.189;;
1158;10/19/2020;14:00:00;11.431;;
1159;10/19/2020;16:00:00;8.282;;
1160;10/19/2020;18:00:00;6.471;;
1161;10/20/2020;20:00:00;5.450;;
1162;10/20/2020;22:00:00;4.934;;
1163;10/20/2020;00:00:00;4.727;;
1164;10/20/2020;02:00:00;4.831;;
1165;10/20/2020;04:00:00;4.415;;
1166;10/20/2020;06:00:00;7.179;;
1167;10/20/2020;08:00:00;16.046;;
1168;10/20/2020;10:00:00;17.855;;
1169;10/20/2020;12:00:00;13.461;;
1170;10/20/2020;14:00:00;10.651;;
1171;10/20/2020;16:00:00;9.176;;
1172;10/20/2020;18:00:00;8.382;;
1173;10/21/2020;20:00:00;7.582;;
1174;10/21/2020;22:00:00;7.179;;
1175;10/21/2020;00:00:00;7.079;;
1176;10/21/2020;02:00:00;7.079;;
1177;10/21/2020;04:00:00;6.877;;
1178;10/21/2020;06:00:00;8.680;;
1179;10/21/2020;08:00:00;14.996;;
1180;10/21/2020;10:00:00;15.187;;
1181;10/21/2020;12:00:00;11.819;;
1182;10/21/2020;14:00:00;9.965;;
1183;10/21/2020;16:00:00;8.978;;
1184;10/21/2020;18:00:00;8.082;;
1185;10/22/2020;20:00:00;7.582;;
1186;10/22/2020;22:00:00;7.782;;
1187;10/22/2020;00:00:00;7.582;;
1188;10/22/2020;02:00:00;7.983;;
1189;10/22/2020;04:00:00;7.882;;
1190;10/22/2020;06:00:00;8.779;;
1191;10/22/2020;08:00:00;9.373;;
1192;10/22/2020;10:00:00;9.176;;
1193;10/22/2020;12:00:00;8.879;;
1194;10/22/2020;14:00:00;8.382;;
1195;10/22/2020;16:00:00;7.882;;
1196;10/22/2020;18:00:00;7.481;;
1197;10/23/2020;20:00:00;6.877;;
1198;10/23/2020;22:00:00;6.674;;
1199;10/23/2020;00:00:00;6.471;;
1200;10/23/2020;02:00:00;6.471;;
1201;10/23/2020;04:00:00;6.775;;
1202;10/23/2020;06:00:00;7.079;;
1203;10/23/2020;08:00:00;7.381;;
1204;10/23/2020;10:00:00;8.581;;
1205;10/23/2020;12:00:00;8.581;;
1206;10/23/2020;14:00:00;7.481;;
1207;10/23/2020;16:00:00;6.573;;
1208;10/23/2020;18:00:00;3.788;;
1209;10/24/2020;20:00:00;4.519;;
1210;10/24/2020;22:00:00;4.519;;
1211;10/24/2020;00:00:00;4.623;;
1212;10/24/2020;02:00:00;4.519;;
1213;10/24/2020;08:00:00;4.102;;
1214;10/24/2020;10:00:00;11.041;;
1215;10/24/2020;12:00:00;15.951;;
1216;10/24/2020;14:00:00;18.616;;
1217;10/24/2020;16:00:00;17.665;;
1218;10/24/2020;18:00:00;10.357;;
1219;10/24/2020;20:00:00;7.381;;
1220;10/24/2020;22:00:00;5.860;;
1221;10/25/2020;00:00:00;5.037;;
1222;10/25/2020;02:00:00;4.623;;
1223;10/25/2020;04:00:00;4.207;;
1224;10/25/2020;06:00:00;3.893;;
1225;10/25/2020;08:00:00;3.788;;
1226;10/25/2020;10:00:00;9.472;;
1227;10/25/2020;12:00:00;17.379;;
1228;10/25/2020;14:00:00;18.140;;
1229;10/25/2020;16:00:00;13.269;;
1230;10/25/2020;18:00:00;9.176;;
1231;10/25/2020;20:00:00;7.882;;
1232;10/25/2020;22:00:00;7.179;;
1233;10/26/2020;00:00:00;6.775;;
1234;10/26/2020;02:00:00;6.268;;
1235;10/26/2020;04:00:00;5.860;;
1236;10/26/2020;06:00:00;5.141;;
1237;10/26/2020;08:00:00;3.578;;
1238;10/26/2020;10:00:00;4.207;;
1239;10/26/2020;12:00:00;3.998;;
1240;10/26/2020;14:00:00;4.415;;
1241;10/26/2020;16:00:00;4.102;;
1242;10/26/2020;18:00:00;3.893;;
1243;10/26/2020;20:00:00;4.102;;
1244;10/26/2020;22:00:00;4.311;;
1245;10/27/2020;00:00:00;4.311;;
1246;10/27/2020;02:00:00;4.207;;
1247;10/27/2020;04:00:00;4.207;;
1248;10/27/2020;06:00:00;4.102;;
1249;10/27/2020;08:00:00;3.893;;
1250;10/27/2020;10:00:00;3.893;;
1251;10/27/2020;12:00:00;10.846;;
1252;10/27/2020;14:00:00;8.182;;
1253;10/27/2020;16:00:00;11.722;;
1254;10/27/2020;18:00:00;5.860;;
1255;10/27/2020;20:00:00;4.623;;
1256;10/27/2020;22:00:00;4.727;;
1257;10/28/2020;00:00:00;4.415;;
1258;10/28/2020;02:00:00;4.207;;
1259;10/28/2020;04:00:00;4.207;;
1260;10/28/2020;06:00:00;4.623;;
1261;10/28/2020;08:00:00;4.415;;
1262;10/28/2020;10:00:00;5.244;;
1263;10/28/2020;12:00:00;14.804;;
1264;10/28/2020;14:00:00;10.748;;
1265;10/28/2020;16:00:00;11.722;;
1266;10/28/2020;18:00:00;7.381;;
1267;10/28/2020;20:00:00;6.064;;
1268;10/28/2020;22:00:00;5.141;;
1269;10/29/2020;00:00:00;4.831;;
1270;10/29/2020;02:00:00;4.519;;
1271;10/29/2020;04:00:00;4.727;;
1272;10/29/2020;06:00:00;4.727;;
1273;10/29/2020;08:00:00;4.311;;
1274;10/29/2020;10:00:00;5.450;;
1275;10/29/2020;12:00:00;8.581;;
1276;10/29/2020;14:00:00;13.269;;
1277;10/29/2020;16:00:00;11.139;;
1278;10/29/2020;18:00:00;7.682;;
1279;10/29/2020;20:00:00;5.860;;
1280;10/29/2020;22:00:00;5.141;;
1281;10/30/2020;00:00:00;4.831;;
1282;10/30/2020;02:00:00;4.623;;
1283;10/30/2020;04:00:00;4.311;;
1284;10/30/2020;06:00:00;4.102;;
1285;10/30/2020;08:00:00;3.893;;
1286;10/30/2020;10:00:00;8.082;;
1287;10/30/2020;12:00:00;16.903;;
1288;10/30/2020;14:00:00;21.091;;
1289;10/30/2020;16:00:00;18.616;;
1290;10/30/2020;18:00:00;10.553;;
1291;10/30/2020;20:00:00;7.983;;
1292;10/30/2020;22:00:00;6.877;;
1293;10/31/2020;00:00:00;6.064;;
1294;10/31/2020;02:00:00;5.450;;
1295;10/31/2020;04:00:00;5.037;;
1296;10/31/2020;06:00:00;4.623;;
1297;10/31/2020;08:00:00;4.311;;
1298;10/31/2020;10:00:00;12.401;;
1299;10/31/2020;12:00:00;18.521;;
1300;10/31/2020;14:00:00;20.138;;
1301;10/31/2020;16:00:00;17.665;;
1302;10/31/2020;18:00:00;10.357;;
1303;10/31/2020;20:00:00;8.082;;
1304;10/31/2020;22:00:00;6.674;;
1305;11/01/2020;00:00:00;5.962;;
1306;11/01/2020;02:00:00;5.244;;
1307;11/01/2020;04:00:00;4.934;;
1308;11/01/2020;06:00:00;4.415;;
1309;11/01/2020;08:00:00;4.311;;
1310;11/01/2020;10:00:00;6.775;;
1311;11/01/2020;12:00:00;14.134;;
1312;11/01/2020;14:00:00;12.401;;
1313;11/01/2020;16:00:00;13.461;;
1314;11/01/2020;18:00:00;9.275;;
1315;11/01/2020;20:00:00;7.481;;
1316;11/01/2020;22:00:00;6.877;;
1317;11/02/2020;00:00:00;6.471;;
1318;11/02/2020;02:00:00;6.166;;
1319;11/02/2020;04:00:00;6.064;;
1320;11/02/2020;06:00:00;6.064;;
1321;11/02/2020;08:00:00;5.757;;
1322;11/02/2020;10:00:00;13.654;;
1323;11/02/2020;12:00:00;20.234;;
1324;11/02/2020;14:00:00;20.805;;
1325;11/02/2020;16:00:00;17.094;;
1326;11/02/2020;18:00:00;11.431;;
1327;11/02/2020;20:00:00;10.357;;
1328;11/02/2020;22:00:00;9.965;;
1329;11/03/2020;00:00:00;9.472;;
1330;11/03/2020;02:00:00;8.779;;
1331;11/03/2020;04:00:00;8.581;;
1332;11/03/2020;06:00:00;8.182;;
1333;11/03/2020;08:00:00;7.882;;
1334;11/03/2020;10:00:00;8.978;;
1335;11/03/2020;12:00:00;10.357;;
1336;11/03/2020;14:00:00;10.651;;
1337;11/03/2020;16:00:00;9.768;;
1338;11/03/2020;18:00:00;8.680;;
1339;11/03/2020;20:00:00;7.682;;
1340;11/03/2020;22:00:00;7.481;;
1341;11/04/2020;00:00:00;7.179;;
1342;11/04/2020;02:00:00;6.674;;
1343;11/04/2020;04:00:00;6.166;;
1344;11/04/2020;06:00:00;5.655;;
1345;11/04/2020;08:00:00;5.450;;
1346;11/04/2020;10:00:00;6.471;;
1347;11/04/2020;12:00:00;14.996;;
1348;11/04/2020;14:00:00;13.269;;
1349;11/04/2020;16:00:00;10.063;;
1350;11/04/2020;18:00:00;8.182;;
1351;11/04/2020;20:00:00;7.079;;
1352;11/04/2020;22:00:00;6.370;;
1353;11/05/2020;00:00:00;5.244;;
1354;11/05/2020;02:00:00;4.727;;
1355;11/05/2020;04:00:00;4.311;;
1356;11/05/2020;06:00:00;3.998;;
1357;11/05/2020;08:00:00;3.683;;
1358;11/05/2020;10:00:00;11.334;;
1359;11/05/2020;12:00:00;18.901;;
1360;11/05/2020;14:00:00;21.473;;
1361;11/05/2020;16:00:00;18.045;;
1362;11/05/2020;18:00:00;10.651;;
1363;11/05/2020;20:00:00;8.082;;
1364;11/05/2020;22:00:00;6.877;;
1365;11/06/2020;00:00:00;5.962;;
1366;11/06/2020;02:00:00;5.347;;
1367;11/06/2020;04:00:00;4.831;;
1368;11/06/2020;06:00:00;4.311;;
1369;11/06/2020;08:00:00;3.998;;
1370;11/06/2020;10:00:00;11.722;;
1371;11/06/2020;12:00:00;18.996;;
1372;11/06/2020;14:00:00;21.664;;
1373;11/06/2020;16:00:00;17.950;;
1374;11/06/2020;18:00:00;10.846;;
1375;11/06/2020;20:00:00;8.382;;
1376;11/06/2020;22:00:00;7.280;;
1377;11/07/2020;00:00:00;6.674;;
1378;11/07/2020;02:00:00;6.268;;
1379;11/07/2020;04:00:00;5.860;;
1380;11/07/2020;06:00:00;5.860;;
1381;11/07/2020;08:00:00;5.757;;
1382;11/07/2020;10:00:00;11.041;;
1383;11/07/2020;12:00:00;15.282;;
1384;11/07/2020;14:00:00;17.189;;
1385;11/07/2020;16:00:00;11.819;;
1386;11/07/2020;18:00:00;9.768;;
1387;11/07/2020;20:00:00;8.382;;
1388;11/07/2020;22:00:00;8.282;;
1389;11/08/2020;00:00:00;7.782;;
1390;11/08/2020;02:00:00;7.481;;
1391;11/08/2020;04:00:00;7.079;;
1392;11/08/2020;06:00:00;6.268;;
1393;11/08/2020;08:00:00;6.268;;
1394;11/08/2020;10:00:00;6.573;;
1395;11/08/2020;12:00:00;7.782;;
1396;11/08/2020;14:00:00;12.690;;
1397;11/08/2020;16:00:00;10.357;;
1398;11/08/2020;18:00:00;8.481;;
1399;11/08/2020;20:00:00;6.166;;
1400;11/08/2020;22:00:00;5.347;;
1401;11/09/2020;00:00:00;4.727;;
1402;11/09/2020;02:00:00;4.102;;
1403;11/09/2020;04:00:00;3.683;;
1404;11/09/2020;06:00:00;3.367;;
1405;11/09/2020;08:00:00;2.943;;
1406;11/09/2020;10:00:00;10.357;;
1407;11/09/2020;12:00:00;18.236;;
1408;11/09/2020;14:00:00;20.710;;
1409;11/09/2020;16:00:00;16.427;;
1410;11/09/2020;18:00:00;9.768;;
1411;11/09/2020;20:00:00;7.280;;
1412;11/09/2020;22:00:00;6.064;;
1413;11/10/2020;00:00:00;5.450;;
1414;11/10/2020;02:00:00;5.141;;
1415;11/10/2020;08:00:00;4.519;;
1416;11/10/2020;10:00:00;4.415;;
1417;11/10/2020;12:00:00;3.893;;
1418;11/10/2020;14:00:00;8.481;;
1419;11/10/2020;16:00:00;17.950;;
1420;11/10/2020;18:00:00;21.569;;
1421;11/10/2020;20:00:00;16.618;;
1422;11/10/2020;22:00:00;9.768;;
1423;11/10/2020;00:00:00;7.179;;
1424;11/10/2020;02:00:00;5.757;;
1425;11/11/2020;04:00:00;5.037;;
1426;11/11/2020;06:00:00;4.207;;
1427;11/11/2020;08:00:00;3.788;;
1428;11/11/2020;10:00:00;3.261;;
1429;11/11/2020;12:00:00;2.943;;
1430;11/11/2020;14:00:00;10.063;;
1431;11/11/2020;16:00:00;18.331;;
1432;11/11/2020;18:00:00;22.046;;
1433;11/11/2020;20:00:00;16.523;;
1434;11/11/2020;22:00:00;9.472;;
1435;11/11/2020;00:00:00;7.179;;
1436;11/11/2020;02:00:00;5.962;;
1437;11/12/2020;04:00:00;5.037;;
1438;11/12/2020;06:00:00;4.519;;
1439;11/12/2020;08:00:00;4.519;;
1440;11/12/2020;10:00:00;3.893;;
1441;11/12/2020;12:00:00;4.102;;
1442;11/12/2020;14:00:00;6.775;;
1443;11/12/2020;16:00:00;18.140;;
1444;11/12/2020;18:00:00;21.855;;
1445;11/12/2020;20:00:00;17.475;;
1446;11/12/2020;22:00:00;10.063;;
1447;11/12/2020;00:00:00;7.381;;
1448;11/12/2020;02:00:00;5.962;;
1449;11/13/2020;04:00:00;5.037;;
1450;11/13/2020;06:00:00;4.415;;
1451;11/13/2020;08:00:00;3.998;;
1452;11/13/2020;10:00:00;3.683;;
1453;11/13/2020;12:00:00;3.367;;
1454;11/13/2020;14:00:00;9.965;;
1455;11/13/2020;16:00:00;19.948;;
1456;11/13/2020;18:00:00;21.282;;
1457;11/13/2020;20:00:00;16.141;;
1458;11/13/2020;22:00:00;10.553;;
1459;11/13/2020;00:00:00;8.879;;
1460;11/13/2020;02:00:00;7.983;;
1461;11/14/2020;04:00:00;6.573;;
1462;11/14/2020;06:00:00;5.962;;
1463;11/14/2020;08:00:00;5.037;;
1464;11/14/2020;10:00:00;4.415;;
1465;11/14/2020;12:00:00;3.998;;
1466;11/14/2020;14:00:00;10.748;;
1467;11/14/2020;16:00:00;19.853;;
1468;11/14/2020;18:00:00;23.581;;
1469;11/14/2020;20:00:00;19.187;;
1470;11/14/2020;22:00:00;11.236;;
1471;11/14/2020;00:00:00;8.481;;
1472;11/14/2020;02:00:00;6.978;;
1473;11/15/2020;04:00:00;5.962;;
1474;11/15/2020;06:00:00;5.141;;
1475;11/15/2020;08:00:00;4.519;;
1476;11/15/2020;10:00:00;4.102;;
1477;11/15/2020;12:00:00;3.998;;
1478;11/15/2020;14:00:00;10.161;;
1479;11/15/2020;16:00:00;16.332;;
1480;11/15/2020;18:00:00;17.855;;
1481;11/15/2020;20:00:00;13.173;;
1482;11/15/2020;22:00:00;10.161;;
1483;11/15/2020;00:00:00;8.581;;
1484;11/15/2020;02:00:00;7.882;;
1485;11/16/2020;04:00:00;6.064;;
1486;11/16/2020;06:00:00;4.831;;
1487;11/16/2020;08:00:00;3.472;;
1488;11/16/2020;10:00:00;3.683;;
1489;11/16/2020;12:00:00;3.788;;
1490;11/16/2020;14:00:00;4.311;;
1491;11/16/2020;16:00:00;14.134;;
1492;11/16/2020;18:00:00;16.427;;
1493;11/16/2020;20:00:00;11.431;;
1494;11/16/2020;22:00:00;6.471;;
1495;11/16/2020;00:00:00;4.934;;
1496;11/16/2020;02:00:00;3.893;;
1497;11/17/2020;04:00:00;3.155;;
1498;11/17/2020;06:00:00;2.837;;
1499;11/17/2020;08:00:00;2.624;;
1500;11/17/2020;10:00:00;2.410;;
1501;11/17/2020;12:00:00;2.303;;
1502;11/17/2020;14:00:00;7.882;;
1503;11/17/2020;16:00:00;15.378;;
1504;11/17/2020;18:00:00;18.901;;
1505;11/17/2020;20:00:00;13.750;;
1506;11/17/2020;22:00:00;9.472;;
1507;11/17/2020;00:00:00;7.179;;
1508;11/17/2020;02:00:00;6.166;;
1509;11/18/2020;04:00:00;5.450;;
1510;11/18/2020;06:00:00;4.831;;
1511;11/18/2020;08:00:00;4.519;;
1512;11/18/2020;10:00:00;3.998;;
1513;11/18/2020;12:00:00;3.683;;
1514;11/18/2020;14:00:00;9.275;;
1515;11/18/2020;16:00:00;17.950;;
1516;11/18/2020;18:00:00;21.187;;
1517;11/18/2020;20:00:00;17.094;;
1518;11/18/2020;22:00:00;10.063;;
1519;11/18/2020;00:00:00;7.782;;
1520;11/18/2020;02:00:00;6.573;;
1521;11/19/2020;04:00:00;5.655;;
1522;11/19/2020;06:00:00;5.244;;
1523;11/19/2020;08:00:00;4.727;;
1524;11/19/2020;10:00:00;4.207;;
1525;11/19/2020;12:00:00;4.102;;
1526;11/19/2020;14:00:00;9.373;;
1527;11/19/2020;16:00:00;10.553;;
1528;11/19/2020;18:00:00;9.768;;
1529;11/19/2020;20:00:00;9.077;;
1530;11/19/2020;22:00:00;7.481;;
1531;11/19/2020;00:00:00;6.064;;
1532;11/19/2020;02:00:00;3.261;;
1533;11/20/2020;04:00:00;2.195;;
1534;11/20/2020;06:00:00;1.872;;
1535;11/20/2020;08:00:00;1.764;;
1536;11/20/2020;10:00:00;1.439;;
1537;11/20/2020;12:00:00;1.112;;
1538;11/20/2020;14:00:00;1.439;;
1539;11/20/2020;16:00:00;8.282;;
1540;11/20/2020;18:00:00;10.651;;
1541;11/20/2020;20:00:00;6.674;;
1542;11/20/2020;22:00:00;2.303;;
1543;11/20/2020;00:00:00;1.656;;
1544;11/20/2020;02:00:00;1.548;;
1545;11/21/2020;04:00:00;1.221;;
1546;11/21/2020;06:00:00;1.003;;
1547;11/21/2020;08:00:00;0.784;;
1548;11/21/2020;10:00:00;0.563;;
1549;11/21/2020;12:00:00;0.232;;
1550;11/21/2020;14:00:00;0.893;;
1551;11/21/2020;16:00:00;12.207;;
1552;11/21/2020;18:00:00;15.760;;
1553;11/21/2020;20:00:00;12.304;;
1554;11/21/2020;22:00:00;6.674;;
1555;11/21/2020;00:00:00;4.415;;
1556;11/21/2020;02:00:00;3.472;;
1557;11/22/2020;04:00:00;2.837;;
1558;11/22/2020;06:00:00;2.517;;
1559;11/22/2020;08:00:00;2.195;;
1560;11/22/2020;10:00:00;2.088;;
1561;11/22/2020;12:00:00;1.980;;
1562;11/22/2020;14:00:00;6.573;;
1563;11/22/2020;16:00:00;15.760;;
1564;11/22/2020;18:00:00;18.901;;
1565;11/22/2020;20:00:00;14.804;;
1566;11/22/2020;22:00:00;8.779;;
1567;11/22/2020;00:00:00;6.674;;
1568;11/22/2020;02:00:00;5.450;;
1569;11/23/2020;04:00:00;4.519;;
1570;11/23/2020;06:00:00;3.893;;
1571;11/23/2020;08:00:00;3.367;;
1572;11/23/2020;10:00:00;3.049;;
1573;11/23/2020;12:00:00;2.837;;
1574;11/23/2020;14:00:00;7.079;;
1575;11/23/2020;16:00:00;16.141;;
1576;11/23/2020;18:00:00;19.282;;
1577;11/23/2020;20:00:00;14.038;;
1578;11/23/2020;22:00:00;8.779;;
1579;11/23/2020;00:00:00;6.877;;
1580;11/23/2020;02:00:00;6.268;;
1581;11/24/2020;04:00:00;5.450;;
1582;11/24/2020;06:00:00;4.311;;
1583;11/24/2020;08:00:00;3.472;;
1584;11/24/2020;10:00:00;2.943;;
1585;11/24/2020;12:00:00;2.517;;
1586;11/24/2020;14:00:00;6.573;;
1587;11/24/2020;16:00:00;15.569;;
1588;11/24/2020;18:00:00;18.996;;
1589;11/24/2020;20:00:00;14.325;;
1590;11/24/2020;22:00:00;8.282;;
1591;11/24/2020;00:00:00;5.962;;
1592;11/24/2020;02:00:00;4.727;;
1593;11/25/2020;04:00:00;3.893;;
1594;11/25/2020;06:00:00;3.261;;
1595;11/25/2020;08:00:00;2.730;;
1596;11/25/2020;10:00:00;2.410;;
1597;11/25/2020;12:00:00;2.088;;
1598;11/25/2020;14:00:00;6.166;;
1599;11/25/2020;16:00:00;14.996;;
1600;11/25/2020;18:00:00;18.045;;
1601;11/25/2020;20:00:00;13.942;;
1602;11/25/2020;22:00:00;7.882;;
1603;11/25/2020;00:00:00;5.552;;
1604;11/25/2020;02:00:00;4.311;;
1605;11/26/2020;04:00:00;3.472;;
1606;11/26/2020;06:00:00;2.837;;
1607;11/26/2020;08:00:00;2.303;;
1608;11/26/2020;10:00:00;1.980;;
1609;11/26/2020;12:00:00;1.548;;
1610;11/26/2020;14:00:00;5.244;;
1611;11/26/2020;16:00:00;14.613;;
1612;11/26/2020;18:00:00;18.045;;
1613;11/26/2020;20:00:00;13.365;;
1614;11/26/2020;22:00:00;7.280;;
1615;11/26/2020;00:00:00;5.244;;
1616;11/26/2020;02:00:00;4.102;;
1617;11/27/2020;08:00:00;3.261;;
1618;11/27/2020;10:00:00;2.624;;
1619;11/27/2020;12:00:00;2.195;;
1620;11/27/2020;14:00:00;1.872;;
1621;11/27/2020;16:00:00;1.656;;
1622;11/27/2020;18:00:00;5.347;;
1623;11/27/2020;20:00:00;14.709;;
1624;11/27/2020;22:00:00;18.236;;
1625;11/27/2020;00:00:00;13.846;;
1626;11/27/2020;02:00:00;7.782;;
1627;11/27/2020;04:00:00;5.450;;
1628;11/27/2020;06:00:00;4.207;;
1629;11/28/2020;08:00:00;3.472;;
1630;11/28/2020;10:00:00;2.837;;
1631;11/28/2020;12:00:00;2.410;;
1632;11/28/2020;14:00:00;2.410;;
1633;11/28/2020;16:00:00;2.730;;
1634;11/28/2020;18:00:00;4.311;;
1635;11/28/2020;20:00:00;5.347;;
1636;11/28/2020;22:00:00;9.768;;
1637;11/28/2020;00:00:00;10.846;;
1638;11/28/2020;02:00:00;6.370;;
1639;11/28/2020;04:00:00;4.934;;
1640;11/28/2020;06:00:00;3.998;;
1641;11/29/2020;08:00:00;3.261;;
1642;11/29/2020;10:00:00;2.730;;
1643;11/29/2020;12:00:00;2.410;;
1644;11/29/2020;14:00:00;2.088;;
1645;11/29/2020;16:00:00;1.656;;
1646;11/29/2020;18:00:00;5.552;;
1647;11/29/2020;20:00:00;15.569;;
1648;11/29/2020;22:00:00;18.806;;
1649;11/29/2020;00:00:00;14.421;;
1650;11/29/2020;02:00:00;7.983;;
1651;11/29/2020;04:00:00;5.450;;
1652;11/29/2020;06:00:00;4.102;;
1653;11/30/2020;08:00:00;2.943;;
1654;11/30/2020;10:00:00;2.195;;
1655;11/30/2020;12:00:00;1.656;;
1656;11/30/2020;14:00:00;1.221;;
1657;11/30/2020;16:00:00;1.003;;
1658;11/30/2020;18:00:00;4.415;;
1659;11/30/2020;20:00:00;14.900;;
1660;11/30/2020;22:00:00;18.521;;
1661;11/30/2020;00:00:00;13.846;;
1662;11/30/2020;02:00:00;7.079;;
1663;11/30/2020;04:00:00;4.519;;
1664;11/30/2020;06:00:00;3.155;;
1665;12/01/2020;08:00:00;2.303;;
1666;12/01/2020;10:00:00;1.656;;
1667;12/01/2020;12:00:00;1.872;;
1668;12/01/2020;14:00:00;2.624;;
1669;12/01/2020;16:00:00;2.730;;
1670;12/01/2020;18:00:00;2.837;;
1671;12/01/2020;20:00:00;3.049;;
1672;12/01/2020;22:00:00;6.775;;
1673;12/01/2020;00:00:00;5.962;;
1674;12/01/2020;02:00:00;2.517;;
1675;12/01/2020;04:00:00;1.980;;
1676;12/01/2020;06:00:00;1.221;;
1677;12/02/2020;08:00:00;1.003;;
1678;12/02/2020;10:00:00;0.563;;
1679;12/02/2020;12:00:00;0.563;;
1680;12/02/2020;14:00:00;0.453;;
1681;12/02/2020;16:00:00;0.121;;
1682;12/02/2020;18:00:00;0.010;;
1683;12/02/2020;20:00:00;10.259;;
1684;12/02/2020;22:00:00;11.139;;
1685;12/02/2020;00:00:00;6.370;;
1686;12/02/2020;02:00:00;3.261;;
1687;12/02/2020;04:00:00;2.195;;
1688;12/02/2020;06:00:00;1.656;;
1689;12/03/2020;08:00:00;0.893;;
1690;12/03/2020;10:00:00;0.343;;
1691;12/03/2020;12:00:00;0.010;;
1692;12/03/2020;14:00:00;-0.437;;
1693;12/03/2020;16:00:00;-0.662;;
1694;12/03/2020;18:00:00;-0.102;;
1695;12/03/2020;20:00:00;10.455;;
1696;12/03/2020;22:00:00;14.134;;
1697;12/03/2020;00:00:00;9.373;;
1698;12/03/2020;02:00:00;4.623;;
1699;12/03/2020;04:00:00;3.261;;
1700;12/03/2020;06:00:00;1.764;;
1701;12/04/2020;08:00:00;1.439;;
1702;12/04/2020;10:00:00;1.112;;
1703;12/04/2020;12:00:00;0.674;;
1704;12/04/2020;14:00:00;0.784;;
1705;12/04/2020;16:00:00;1.330;;
1706;12/04/2020;18:00:00;1.872;;
1707;12/04/2020;20:00:00;1.980;;
1708;12/04/2020;22:00:00;2.088;;
1709;12/04/2020;00:00:00;2.195;;
1710;12/04/2020;02:00:00;2.195;;
1711;12/04/2020;04:00:00;2.303;;
1712;12/04/2020;06:00:00;2.303;;
1713;12/05/2020;08:00:00;2.303;;
1714;12/05/2020;10:00:00;2.410;;
1715;12/05/2020;12:00:00;2.410;;
1716;12/05/2020;14:00:00;2.410;;
1717;12/05/2020;16:00:00;2.410;;
1718;12/05/2020;18:00:00;2.410;;
1719;12/05/2020;20:00:00;2.303;;
1720;12/05/2020;22:00:00;2.303;;
1721;12/05/2020;00:00:00;2.303;;
1722;12/05/2020;02:00:00;2.303;;
1723;12/05/2020;04:00:00;2.303;;
1724;12/05/2020;06:00:00;2.303;;
1725;12/06/2020;08:00:00;2.303;;
1726;12/06/2020;10:00:00;2.303;;
1727;12/06/2020;12:00:00;2.303;;
1728;12/06/2020;14:00:00;2.410;;
1729;12/06/2020;16:00:00;2.410;;
1730;12/06/2020;18:00:00;2.410;;
1731;12/06/2020;20:00:00;2.303;;
1732;12/06/2020;22:00:00;1.764;;
1733;12/06/2020;00:00:00;1.872;;
1734;12/06/2020;02:00:00;1.980;;
1735;12/06/2020;04:00:00;2.195;;
1736;12/06/2020;06:00:00;2.195;;
1737;12/07/2020;08:00:00;2.195;;
1738;12/07/2020;10:00:00;2.195;;
1739;12/07/2020;12:00:00;2.195;;
1740;12/07/2020;14:00:00;2.195;;
1741;12/07/2020;16:00:00;2.088;;
1742;12/07/2020;18:00:00;2.088;;
1743;12/07/2020;20:00:00;2.517;;
1744;12/07/2020;22:00:00;2.624;;
1745;12/07/2020;00:00:00;2.303;;
1746;12/07/2020;02:00:00;2.088;;
1747;12/07/2020;04:00:00;1.872;;
1748;12/07/2020;06:00:00;1.764;;
1749;12/08/2020;08:00:00;1.656;;
1750;12/08/2020;10:00:00;1.656;;
1751;12/08/2020;12:00:00;1.548;;
1752;12/08/2020;14:00:00;1.548;;
1753;12/08/2020;16:00:00;1.330;;
1754;12/08/2020;18:00:00;1.221;;
1755;12/08/2020;20:00:00;2.837;;
1756;12/08/2020;22:00:00;3.788;;
1757;12/08/2020;00:00:00;3.578;;
1758;12/08/2020;02:00:00;2.195;;
1759;12/08/2020;04:00:00;1.330;;
1760;12/08/2020;06:00:00;1.112;;
1761;12/09/2020;08:00:00;1.003;;
1762;12/09/2020;10:00:00;1.112;;
1763;12/09/2020;12:00:00;1.003;;
1764;12/09/2020;14:00:00;1.112;;
1765;12/09/2020;16:00:00;1.112;;
1766;12/09/2020;18:00:00;1.112;;
1767;12/09/2020;20:00:00;1.439;;
1768;12/09/2020;22:00:00;3.367;;
1769;12/09/2020;00:00:00;1.330;;
1770;12/09/2020;02:00:00;0.784;;
1771;12/09/2020;04:00:00;0.563;;
1772;12/09/2020;06:00:00;0.453;;
1773;12/10/2020;08:00:00;0.343;;
1774;12/10/2020;10:00:00;0.121;;
1775;12/10/2020;12:00:00;-0.213;;
1776;12/10/2020;14:00:00;-0.437;;
1777;12/10/2020;16:00:00;-0.662;;
1778;12/10/2020;18:00:00;-0.549;;
1779;12/10/2020;20:00:00;0.121;;
1780;12/10/2020;22:00:00;5.450;;
1781;12/10/2020;00:00:00;4.415;;
1782;12/10/2020;02:00:00;1.112;;
1783;12/10/2020;04:00:00;0.674;;
1784;12/10/2020;06:00:00;0.343;;
1785;12/11/2020;08:00:00;-0.437;;
1786;12/11/2020;10:00:00;-1.001;;
1787;12/11/2020;12:00:00;-1.228;;
1788;12/11/2020;14:00:00;-1.114;;
1789;12/11/2020;16:00:00;-0.887;;
1790;12/11/2020;18:00:00;-0.887;;
1791;12/11/2020;20:00:00;-0.549;;
1792;12/11/2020;22:00:00;-0.102;;
1793;12/11/2020;00:00:00;0.010;;
1794;12/11/2020;02:00:00;0.121;;
1795;12/11/2020;04:00:00;0.121;;
1796;12/11/2020;06:00:00;0.232;;
1797;12/12/2020;08:00:00;0.232;;
1798;12/12/2020;10:00:00;0.343;;
1799;12/12/2020;12:00:00;0.453;;
1800;12/12/2020;14:00:00;0.453;;
1801;12/12/2020;16:00:00;0.563;;
1802;12/12/2020;18:00:00;0.674;;
1803;12/12/2020;20:00:00;0.784;;
1804;12/12/2020;22:00:00;0.893;;
1805;12/12/2020;00:00:00;0.893;;
1806;12/12/2020;02:00:00;1.003;;
1807;12/12/2020;04:00:00;1.003;;
1808;12/12/2020;06:00:00;1.112;;
1809;12/13/2020;08:00:00;1.112;;
1810;12/13/2020;10:00:00;1.112;;
1811;12/13/2020;12:00:00;1.112;;
1812;12/13/2020;14:00:00;1.221;;
1813;12/13/2020;16:00:00;1.221;;
1814;12/13/2020;18:00:00;1.221;;
1815;12/13/2020;20:00:00;1.330;;
1816;12/13/2020;22:00:00;1.330;;
1817;12/13/2020;00:00:00;1.221;;
1818;12/13/2020;02:00:00;1.221;;
1819;12/13/2020;08:00:00;1.221;;
1820;12/13/2020;10:00:00;1.221;;
1821;12/14/2020;12:00:00;1.221;;
1822;12/14/2020;14:00:00;1.221;;
1823;12/14/2020;16:00:00;1.221;;
1824;12/14/2020;18:00:00;1.221;;
1825;12/14/2020;20:00:00;1.221;;
1826;12/14/2020;22:00:00;1.330;;
1827;12/14/2020;00:00:00;1.330;;
1828;12/14/2020;02:00:00;1.221;;
1829;12/14/2020;04:00:00;1.112;;
1830;12/14/2020;06:00:00;1.112;;
1831;12/14/2020;08:00:00;1.221;;
1832;12/14/2020;10:00:00;1.221;;
1833;12/15/2020;12:00:00;1.221;Enregistré;
1834;12/15/2020;14:00:00;1.221;;
1835;12/15/2020;16:00:00;1.221;;
1836;12/15/2020;18:00:00;1.112;;
1837;12/15/2020;20:00:00;1.112;;
1838;12/15/2020;22:00:00;1.112;;
1839;12/15/2020;00:00:00;1.112;;
1840;12/15/2020;02:00:00;1.112;;
1841;12/15/2020;04:00:00;1.112;;
1842;12/15/2020;06:00:00;1.112;;
1843;12/15/2020;08:00:00;1.221;;
1844;12/15/2020;10:00:00;1.221;;
1845;12/16/2020;12:00:00;1.221;;
1846;12/16/2020;14:00:00;1.221;;
1847;12/16/2020;16:00:00;1.221;;
1848;12/16/2020;18:00:00;1.330;;
1849;12/16/2020;20:00:00;1.330;;
1850;12/16/2020;22:00:00;1.439;;
1851;12/16/2020;00:00:00;1.980;;
1852;12/16/2020;02:00:00;2.303;;
1853;12/16/2020;04:00:00;3.788;;
1854;12/16/2020;06:00:00;2.195;;
1855;12/16/2020;08:00:00;1.439;;
1856;12/16/2020;10:00:00;1.112;;
1857;12/17/2020;12:00:00;1.003;;
1858;12/17/2020;14:00:00;0.893;;
1859;12/17/2020;16:00:00;0.784;;
1860;12/17/2020;18:00:00;0.674;;
1861;12/17/2020;20:00:00;0.563;;
1862;12/17/2020;22:00:00;0.563;;
1863;12/17/2020;00:00:00;9.373;;
1864;12/17/2020;02:00:00;7.782;;
1865;12/17/2020;04:00:00;6.370;;
1866;12/17/2020;06:00:00;4.102;;
1867;12/17/2020;08:00:00;2.837;;
1868;12/17/2020;10:00:00;1.980;;
1869;12/18/2020;12:00:00;1.656;;
1870;12/18/2020;14:00:00;1.548;;
1871;12/18/2020;16:00:00;1.764;;
1872;12/18/2020;18:00:00;1.439;;
1873;12/18/2020;20:00:00;1.112;;
1874;12/18/2020;22:00:00;1.330;;
1875;12/18/2020;00:00:00;11.722;;
1876;12/18/2020;02:00:00;8.082;;
1877;12/18/2020;04:00:00;8.879;;
1878;12/18/2020;06:00:00;4.102;;
1879;12/18/2020;08:00:00;2.624;;
1880;12/18/2020;10:00:00;1.764;;
1881;12/19/2020;12:00:00;1.330;;
1882;12/19/2020;14:00:00;1.112;;
1883;12/19/2020;16:00:00;1.003;;
1884;12/19/2020;18:00:00;0.893;;
1885;12/19/2020;20:00:00;0.784;;
1886;12/19/2020;22:00:00;0.784;;
1887;12/19/2020;00:00:00;4.519;;
1888;12/19/2020;02:00:00;5.757;;
1889;12/19/2020;04:00:00;4.934;;
1890;12/19/2020;06:00:00;2.624;;
1891;12/19/2020;08:00:00;1.548;;
1892;12/19/2020;10:00:00;1.548;;
1893;12/20/2020;12:00:00;1.330;;
1894;12/20/2020;14:00:00;1.112;;
1895;12/20/2020;16:00:00;1.003;;
1896;12/20/2020;18:00:00;1.003;;
1897;12/20/2020;20:00:00;0.893;;
1898;12/20/2020;22:00:00;1.003;;
1899;12/20/2020;00:00:00;3.683;;
1900;12/20/2020;02:00:00;4.102;;
1901;12/20/2020;04:00:00;4.415;;
1902;12/20/2020;06:00:00;2.730;;
1903;12/20/2020;08:00:00;2.195;;
1904;12/20/2020;10:00:00;1.980;;
1905;12/21/2020;12:00:00;1.764;;
1906;12/21/2020;14:00:00;1.003;;
1907;12/21/2020;16:00:00;0.784;;
1908;12/21/2020;18:00:00;0.674;;
1909;12/21/2020;20:00:00;0.563;;
1910;12/21/2020;22:00:00;0.563;;
1911;12/21/2020;00:00:00;4.623;;
1912;12/21/2020;02:00:00;3.788;;
1913;12/21/2020;04:00:00;3.367;;
1914;12/21/2020;06:00:00;1.764;;
1915;12/21/2020;08:00:00;1.656;;
1916;12/21/2020;10:00:00;1.548;;
1917;12/22/2020;12:00:00;1.656;;
1918;12/22/2020;14:00:00;1.439;;
1919;12/22/2020;16:00:00;1.439;;
1920;12/22/2020;18:00:00;1.330;;
1921;12/22/2020;20:00:00;1.221;;
1922;12/22/2020;22:00:00;1.221;;
1923;12/22/2020;00:00:00;11.334;;
1924;12/22/2020;02:00:00;15.187;;
1925;12/22/2020;04:00:00;11.236;;
1926;12/22/2020;06:00:00;6.166;;
1927;12/22/2020;08:00:00;4.102;;
1928;12/22/2020;10:00:00;3.049;;
1929;12/23/2020;12:00:00;2.624;;
1930;12/23/2020;14:00:00;2.088;;
1931;12/23/2020;16:00:00;2.088;;
1932;12/23/2020;18:00:00;2.088;;
1933;12/23/2020;20:00:00;1.980;;
1934;12/23/2020;22:00:00;2.303;;
1935;12/23/2020;00:00:00;6.674;;
1936;12/23/2020;02:00:00;5.757;;
1937;12/23/2020;04:00:00;4.623;;
1938;12/23/2020;06:00:00;3.472;;
1939;12/23/2020;08:00:00;3.049;;
1940;12/23/2020;10:00:00;2.730;;
1941;12/24/2020;12:00:00;2.730;;
1942;12/24/2020;14:00:00;2.837;;
1943;12/24/2020;16:00:00;2.730;;
1944;12/24/2020;18:00:00;2.195;;
1945;12/24/2020;20:00:00;1.439;;
1946;12/24/2020;22:00:00;1.548;;
1947;12/24/2020;00:00:00;1.872;;
1948;12/24/2020;02:00:00;3.261;;
1949;12/24/2020;04:00:00;2.517;;
1950;12/24/2020;06:00:00;1.439;;
1951;12/24/2020;08:00:00;1.548;;
1952;12/24/2020;10:00:00;1.439;;
1953;12/25/2020;12:00:00;1.439;;
1954;12/25/2020;14:00:00;1.439;;
1955;12/25/2020;16:00:00;1.548;;
1956;12/25/2020;18:00:00;1.548;;
1957;12/25/2020;20:00:00;1.548;;
1958;12/25/2020;22:00:00;1.548;;
1959;12/25/2020;00:00:00;1.548;;
1960;12/25/2020;02:00:00;1.548;;
1961;12/25/2020;04:00:00;1.548;;
1962;12/25/2020;06:00:00;1.548;;
1963;12/25/2020;08:00:00;1.548;;
1964;12/25/2020;10:00:00;1.548;;
1965;12/26/2020;12:00:00;1.548;;
1966;12/26/2020;14:00:00;1.548;;
1967;12/26/2020;16:00:00;1.548;;
1968;12/26/2020;18:00:00;1.656;;
1969;12/26/2020;20:00:00;1.656;;
1970;12/26/2020;22:00:00;1.656;;
1971;12/26/2020;00:00:00;1.656;;
1972;12/26/2020;02:00:00;1.656;;
1973;12/26/2020;04:00:00;1.548;;
1974;12/26/2020;06:00:00;1.439;;
1975;12/26/2020;08:00:00;1.548;;
1976;12/26/2020;10:00:00;1.548;;
1977;12/27/2020;12:00:00;1.548;;
1978;12/27/2020;14:00:00;1.548;;
1979;12/27/2020;16:00:00;1.548;;
1980;12/27/2020;18:00:00;1.548;;
1981;12/27/2020;20:00:00;1.548;;
1982;12/27/2020;22:00:00;1.439;;
1983;12/27/2020;00:00:00;1.439;;
1984;12/27/2020;02:00:00;1.439;;
1985;12/27/2020;04:00:00;1.439;;
1986;12/27/2020;06:00:00;1.330;;
1987;12/27/2020;08:00:00;1.330;;
1988;12/27/2020;10:00:00;1.330;;
1989;12/28/2020;12:00:00;1.330;;
1990;12/28/2020;14:00:00;1.330;;
1991;12/28/2020;16:00:00;1.330;;
1992;12/28/2020;18:00:00;1.221;;
1993;12/28/2020;20:00:00;1.221;;
1994;12/28/2020;22:00:00;1.221;;
1995;12/28/2020;00:00:00;1.330;;
1996;12/28/2020;02:00:00;1.330;;
1997;12/28/2020;04:00:00;1.330;;
1998;12/28/2020;06:00:00;1.330;;
1999;12/28/2020;08:00:00;1.221;;
2000;12/28/2020;10:00:00;1.221;;
2001;12/29/2020;12:00:00;1.221;;
2002;12/29/2020;14:00:00;1.112;;
2003;12/29/2020;16:00:00;1.112;;
2004;12/29/2020;18:00:00;1.112;;
2005;12/29/2020;20:00:00;1.112;;
2006;12/29/2020;22:00:00;1.112;;
2007;12/29/2020;00:00:00;1.112;;
2008;12/29/2020;02:00:00;1.112;;
2009;12/29/2020;04:00:00;1.112;;
2010;12/29/2020;06:00:00;1.003;;
2011;12/29/2020;08:00:00;1.112;;
2012;12/29/2020;10:00:00;1.112;;
2013;12/30/2020;12:00:00;1.221;;
2014;12/30/2020;14:00:00;1.221;;
2015;12/30/2020;16:00:00;1.221;;
2016;12/30/2020;18:00:00;1.221;;
2017;12/30/2020;20:00:00;1.221;;
2018;12/30/2020;22:00:00;1.221;;
2019;12/30/2020;00:00:00;1.330;;
2020;12/30/2020;02:00:00;1.112;;
2021;12/30/2020;08:00:00;1.112;;
2022;12/30/2020;10:00:00;1.003;;
2023;12/30/2020;12:00:00;1.112;;
2024;12/30/2020;14:00:00;1.112;;
2025;12/31/2020;16:00:00;1.112;;
2026;12/31/2020;18:00:00;1.112;;
2027;12/31/2020;20:00:00;1.003;;
2028;12/31/2020;22:00:00;0.893;;
2029;12/31/2020;00:00:00;0.893;;
2030;12/31/2020;02:00:00;0.893;;
2031;12/31/2020;04:00:00;1.003;;
2032;12/31/2020;06:00:00;1.003;;
2033;12/31/2020;08:00:00;1.112;;
2034;12/31/2020;10:00:00;1.112;;
2035;12/31/2020;12:00:00;1.112;;
2036;12/31/2020;14:00:00;1.112;;
2037;01/01/2021;16:00:00;1.003;;
2038;01/01/2021;18:00:00;1.112;;
2039;01/01/2021;20:00:00;1.112;;
2040;01/01/2021;22:00:00;1.112;;
2041;01/01/2021;00:00:00;1.112;;
2042;01/01/2021;02:00:00;1.112;;
2043;01/01/2021;04:00:00;1.112;;
2044;01/01/2021;06:00:00;1.112;;
2045;01/01/2021;08:00:00;1.112;;
2046;01/01/2021;10:00:00;1.112;;
2047;01/01/2021;12:00:00;1.112;;
2048;01/01/2021;14:00:00;1.112;;
2049;01/02/2021;16:00:00;1.112;;
2050;01/02/2021;18:00:00;1.112;;
2051;01/02/2021;20:00:00;1.112;;
2052;01/02/2021;22:00:00;1.112;;
2053;01/02/2021;00:00:00;1.112;;
2054;01/02/2021;02:00:00;1.112;;
2055;01/02/2021;04:00:00;1.221;;
2056;01/02/2021;06:00:00;1.112;;
2057;01/02/2021;08:00:00;1.112;;
2058;01/02/2021;10:00:00;1.112;;
2059;01/02/2021;12:00:00;1.112;;
2060;01/02/2021;14:00:00;1.112;;
2061;01/03/2021;16:00:00;1.112;;
2062;01/03/2021;18:00:00;1.112;;
2063;01/03/2021;20:00:00;1.112;;
2064;01/03/2021;22:00:00;1.112;;
2065;01/03/2021;00:00:00;1.112;;
2066;01/03/2021;02:00:00;1.112;;
2067;01/03/2021;04:00:00;1.112;;
2068;01/03/2021;06:00:00;1.112;;
2069;01/03/2021;08:00:00;1.112;;
2070;01/03/2021;10:00:00;1.112;;
2071;01/03/2021;12:00:00;1.112;;
2072;01/03/2021;14:00:00;1.112;;
2073;01/04/2021;16:00:00;1.112;;
2074;01/04/2021;18:00:00;1.112;;
2075;01/04/2021;20:00:00;1.112;;
2076;01/04/2021;22:00:00;1.112;;
2077;01/04/2021;00:00:00;1.112;;
2078;01/04/2021;02:00:00;1.112;;
2079;01/04/2021;04:00:00;1.112;;
2080;01/04/2021;06:00:00;1.112;;
2081;01/04/2021;08:00:00;1.112;;
2082;01/04/2021;10:00:00;1.112;;
2083;01/04/2021;12:00:00;1.112;;
2084;01/04/2021;14:00:00;1.112;;
2085;01/05/2021;16:00:00;1.112;;
2086;01/05/2021;18:00:00;1.112;;
2087;01/05/2021;20:00:00;1.112;;
2088;01/05/2021;22:00:00;1.112;;
2089;01/05/2021;00:00:00;1.112;;
2090;01/05/2021;02:00:00;1.112;;
2091;01/05/2021;04:00:00;1.112;;
2092;01/05/2021;06:00:00;1.112;;
2093;01/05/2021;08:00:00;1.112;;
2094;01/05/2021;10:00:00;1.003;;
2095;01/05/2021;12:00:00;1.003;;
2096;01/05/2021;14:00:00;1.003;;
2097;01/06/2021;16:00:00;1.003;;
2098;01/06/2021;18:00:00;1.003;;
2099;01/06/2021;20:00:00;1.003;;
2100;01/06/2021;22:00:00;1.003;;
2101;01/06/2021;00:00:00;0.893;;
2102;01/06/2021;02:00:00;0.893;;
2103;01/06/2021;04:00:00;1.003;;
2104;01/06/2021;06:00:00;1.112;;
2105;01/06/2021;08:00:00;1.112;;
2106;01/06/2021;10:00:00;1.003;;
2107;01/06/2021;12:00:00;1.003;;
2108;01/06/2021;14:00:00;1.003;;
2109;01/07/2021;16:00:00;0.893;;
2110;01/07/2021;18:00:00;0.784;;
2111;01/07/2021;20:00:00;0.674;;
2112;01/07/2021;22:00:00;0.674;;
2113;01/07/2021;00:00:00;0.674;;
2114;01/07/2021;02:00:00;0.674;;
2115;01/07/2021;04:00:00;0.784;;
2116;01/07/2021;06:00:00;0.893;;
2117;01/07/2021;08:00:00;1.003;;
2118;01/07/2021;10:00:00;0.893;;
2119;01/07/2021;12:00:00;0.893;;
2120;01/07/2021;14:00:00;0.784;;
2121;01/08/2021;16:00:00;0.674;;
2122;01/08/2021;18:00:00;0.563;;
2123;01/08/2021;20:00:00;0.563;;
2124;01/08/2021;22:00:00;0.453;;
2125;01/08/2021;00:00:00;0.453;;
2126;01/08/2021;02:00:00;0.453;;
2127;01/08/2021;04:00:00;0.563;;
2128;01/08/2021;06:00:00;0.784;;
2129;01/08/2021;08:00:00;0.784;;
2130;01/08/2021;10:00:00;0.784;;
2131;01/08/2021;12:00:00;0.784;;
2132;01/08/2021;14:00:00;0.674;;
2133;01/09/2021;16:00:00;0.563;;
2134;01/09/2021;18:00:00;0.563;;
2135;01/09/2021;20:00:00;0.453;;
2136;01/09/2021;22:00:00;0.453;;
2137;01/09/2021;00:00:00;0.453;;
2138;01/09/2021;02:00:00;0.453;;
2139;01/09/2021;04:00:00;0.453;;
2140;01/09/2021;06:00:00;0.563;;
2141;01/09/2021;08:00:00;0.674;;
2142;01/09/2021;10:00:00;0.674;;
2143;01/09/2021;12:00:00;0.563;;
2144;01/09/2021;14:00:00;0.563;;
2145;01/10/2021;16:00:00;0.563;;
2146;01/10/2021;18:00:00;0.453;;
2147;01/10/2021;20:00:00;0.453;;
2148;01/10/2021;22:00:00;0.453;;
2149;01/10/2021;00:00:00;0.453;;
2150;01/10/2021;02:00:00;0.453;;
2151;01/10/2021;04:00:00;0.563;;
2152;01/10/2021;06:00:00;0.784;;
2153;01/10/2021;08:00:00;0.784;;
2154;01/10/2021;10:00:00;0.563;;
2155;01/10/2021;12:00:00;0.563;;
2156;01/10/2021;14:00:00;0.563;;
2157;01/11/2021;16:00:00;0.563;;
2158;01/11/2021;18:00:00;0.453;;
2159;01/11/2021;20:00:00;0.453;;
2160;01/11/2021;22:00:00;0.343;;
2161;01/11/2021;00:00:00;0.343;;
2162;01/11/2021;02:00:00;0.232;;
2163;01/11/2021;04:00:00;0.343;;
2164;01/11/2021;06:00:00;0.563;;
2165;01/11/2021;08:00:00;0.674;;
2166;01/11/2021;10:00:00;0.563;;
2167;01/11/2021;12:00:00;0.563;;
2168;01/11/2021;14:00:00;0.563;;
2169;01/12/2021;16:00:00;0.453;;
2170;01/12/2021;18:00:00;0.453;;
2171;01/12/2021;20:00:00;0.343;;
2172;01/12/2021;22:00:00;0.343;;
2173;01/12/2021;00:00:00;0.232;;
2174;01/12/2021;02:00:00;0.232;;
2175;01/12/2021;04:00:00;0.343;;
2176;01/12/2021;06:00:00;0.453;;
2177;01/12/2021;08:00:00;0.453;;
2178;01/12/2021;10:00:00;0.453;;
2179;01/12/2021;12:00:00;0.453;;
2180;01/12/2021;14:00:00;0.453;;
2181;01/13/2021;16:00:00;0.453;;
2182;01/13/2021;18:00:00;0.563;;
2183;01/13/2021;20:00:00;0.563;;
2184;01/13/2021;22:00:00;0.563;;
2185;01/13/2021;00:00:00;0.563;;
2186;01/13/2021;02:00:00;0.563;;
2187;01/13/2021;04:00:00;0.563;;
2188;01/13/2021;06:00:00;0.563;;
2189;01/13/2021;08:00:00;0.563;;
2190;01/13/2021;10:00:00;0.563;;
2191;01/13/2021;12:00:00;0.563;;
2192;01/13/2021;14:00:00;0.563;;
2193;01/14/2021;16:00:00;0.563;;
2194;01/14/2021;18:00:00;0.563;;
2195;01/14/2021;20:00:00;0.563;;
2196;01/14/2021;22:00:00;0.563;;
2197;01/14/2021;00:00:00;0.563;;
2198;01/14/2021;02:00:00;0.563;;
2199;01/14/2021;04:00:00;0.563;;
2200;01/14/2021;06:00:00;0.674;;
2201;01/14/2021;08:00:00;0.563;;
2202;01/14/2021;10:00:00;0.563;;
2203;01/14/2021;12:00:00;0.563;;
2204;01/14/2021;14:00:00;0.563;;
2205;01/15/2021;16:00:00;0.563;;
2206;01/15/2021;18:00:00;0.563;;
2207;01/15/2021;20:00:00;0.563;;
2208;01/15/2021;22:00:00;0.563;;
2209;01/15/2021;00:00:00;0.563;;
2210;01/15/2021;02:00:00;0.674;;
2211;01/15/2021;04:00:00;0.674;;
2212;01/15/2021;06:00:00;0.674;;
2213;01/15/2021;08:00:00;0.674;;
2214;01/15/2021;10:00:00;0.674;;
2215;01/15/2021;12:00:00;0.674;;
2216;01/15/2021;14:00:00;0.674;;
2217;01/16/2021;16:00:00;0.674;;
2218;01/16/2021;18:00:00;0.674;;
2219;01/16/2021;20:00:00;0.674;;
2220;01/16/2021;22:00:00;0.674;;
2221;01/16/2021;00:00:00;0.674;;
2222;01/16/2021;02:00:00;0.674;;
2223;01/16/2021;08:00:00;0.674;;
2224;01/16/2021;10:00:00;0.674;;
2225;01/16/2021;12:00:00;0.674;;
2226;01/16/2021;14:00:00;0.674;;
2227;01/16/2021;16:00:00;0.674;;
2228;01/16/2021;18:00:00;0.674;;
2229;01/17/2021;20:00:00;0.674;;
2230;01/17/2021;22:00:00;0.674;;
2231;01/17/2021;00:00:00;0.674;;
2232;01/17/2021;02:00:00;0.674;;
2233;01/17/2021;04:00:00;0.674;;
2234;01/17/2021;06:00:00;0.674;;
2235;01/17/2021;08:00:00;0.674;;
2236;01/17/2021;10:00:00;0.674;;
2237;01/17/2021;12:00:00;0.674;;
2238;01/17/2021;14:00:00;0.674;;
2239;01/17/2021;16:00:00;0.674;;
2240;01/17/2021;18:00:00;0.674;;
2241;01/18/2021;20:00:00;0.674;;
2242;01/18/2021;22:00:00;0.674;;
2243;01/18/2021;00:00:00;0.674;;
2244;01/18/2021;02:00:00;0.674;;
2245;01/18/2021;04:00:00;0.674;;
2246;01/18/2021;06:00:00;0.674;;
2247;01/18/2021;08:00:00;0.784;;
2248;01/18/2021;10:00:00;0.674;;
2249;01/18/2021;12:00:00;0.784;;
2250;01/18/2021;14:00:00;0.674;;
2251;01/18/2021;16:00:00;0.674;;
2252;01/18/2021;18:00:00;0.674;;
2253;01/19/2021;20:00:00;0.674;;
2254;01/19/2021;22:00:00;0.674;;
2255;01/19/2021;00:00:00;0.674;;
2256;01/19/2021;02:00:00;0.674;;
2257;01/19/2021;04:00:00;0.784;;
2258;01/19/2021;06:00:00;0.674;;
2259;01/19/2021;08:00:00;0.784;;
2260;01/19/2021;10:00:00;0.784;;
2261;01/19/2021;12:00:00;0.784;;
2262;01/19/2021;14:00:00;0.784;;
2263;01/19/2021;16:00:00;0.784;;
2264;01/19/2021;18:00:00;0.784;;
2265;01/20/2021;20:00:00;0.784;;
2266;01/20/2021;22:00:00;0.784;;
2267;01/20/2021;00:00:00;0.784;;
2268;01/20/2021;02:00:00;0.784;;
2269;01/20/2021;04:00:00;0.784;;
2270;01/20/2021;06:00:00;0.784;;
2271;01/20/2021;08:00:00;0.784;;
2272;01/20/2021;10:00:00;0.784;;
2273;01/20/2021;12:00:00;0.784;;
2274;01/20/2021;14:00:00;0.784;;
2275;01/20/2021;16:00:00;0.784;;
2276;01/20/2021;18:00:00;0.784;;
2277;01/21/2021;20:00:00;0.784;;
2278;01/21/2021;22:00:00;0.784;;
2279;01/21/2021;00:00:00;0.784;;
2280;01/21/2021;02:00:00;0.784;;
2281;01/21/2021;04:00:00;0.784;;
2282;01/21/2021;06:00:00;0.784;;
2283;01/21/2021;08:00:00;0.784;;
2284;01/21/2021;10:00:00;0.784;;
2285;01/21/2021;12:00:00;0.784;;
2286;01/21/2021;14:00:00;0.784;;
2287;01/21/2021;16:00:00;0.784;;
2288;01/21/2021;18:00:00;0.784;;
2289;01/22/2021;20:00:00;0.784;;
2290;01/22/2021;22:00:00;0.784;;
2291;01/22/2021;00:00:00;0.784;;
2292;01/22/2021;02:00:00;0.784;;
2293;01/22/2021;04:00:00;0.784;;
2294;01/22/2021;06:00:00;0.784;;
2295;01/22/2021;08:00:00;0.784;;
2296;01/22/2021;10:00:00;0.784;;
2297;01/22/2021;12:00:00;0.784;;
2298;01/22/2021;14:00:00;0.784;;
2299;01/22/2021;16:00:00;0.784;;
2300;01/22/2021;18:00:00;0.784;;
2301;01/23/2021;20:00:00;0.784;;
2302;01/23/2021;22:00:00;0.784;;
2303;01/23/2021;00:00:00;0.784;;
2304;01/23/2021;02:00:00;0.784;;
2305;01/23/2021;04:00:00;0.784;;
2306;01/23/2021;06:00:00;0.784;;
2307;01/23/2021;08:00:00;0.784;;
2308;01/23/2021;10:00:00;0.784;;
2309;01/23/2021;12:00:00;0.784;;
2310;01/23/2021;14:00:00;0.784;;
2311;01/23/2021;16:00:00;0.784;;
2312;01/23/2021;18:00:00;0.784;;
2313;01/24/2021;20:00:00;0.784;;
2314;01/24/2021;22:00:00;0.784;;
2315;01/24/2021;00:00:00;0.784;;
2316;01/24/2021;02:00:00;0.784;;
2317;01/24/2021;04:00:00;0.784;;
2318;01/24/2021;06:00:00;0.784;;
2319;01/24/2021;08:00:00;0.893;;
2320;01/24/2021;10:00:00;0.893;;
2321;01/24/2021;12:00:00;0.893;;
2322;01/24/2021;14:00:00;0.784;;
2323;01/24/2021;16:00:00;0.893;;
2324;01/24/2021;18:00:00;0.784;;
2325;01/25/2021;20:00:00;0.784;;
2326;01/25/2021;22:00:00;0.784;;
2327;01/25/2021;00:00:00;0.784;;
2328;01/25/2021;02:00:00;0.784;;
2329;01/25/2021;04:00:00;0.784;;
2330;01/25/2021;06:00:00;0.784;;
2331;01/25/2021;08:00:00;0.784;;
2332;01/25/2021;10:00:00;0.893;;
2333;01/25/2021;12:00:00;0.893;;
2334;01/25/2021;14:00:00;0.893;;
2335;01/25/2021;16:00:00;0.784;;
2336;01/25/2021;18:00:00;0.784;;
2337;01/26/2021;20:00:00;0.784;;
2338;01/26/2021;22:00:00;0.784;;
2339;01/26/2021;00:00:00;0.674;;
2340;01/26/2021;02:00:00;0.674;;
2341;01/26/2021;04:00:00;0.674;;
2342;01/26/2021;06:00:00;0.563;;
2343;01/26/2021;08:00:00;0.674;;
2344;01/26/2021;10:00:00;0.674;;
2345;01/26/2021;12:00:00;0.674;;
2346;01/26/2021;14:00:00;0.674;;
2347;01/26/2021;16:00:00;0.784;;
2348;01/26/2021;18:00:00;0.784;;
2349;01/27/2021;20:00:00;0.674;;
2350;01/27/2021;22:00:00;0.674;;
2351;01/27/2021;00:00:00;0.674;;
2352;01/27/2021;02:00:00;0.674;;
2353;01/27/2021;04:00:00;0.674;;
2354;01/27/2021;06:00:00;0.674;;
2355;01/27/2021;08:00:00;0.674;;
2356;01/27/2021;10:00:00;0.784;;
2357;01/27/2021;12:00:00;0.784;;
2358;01/27/2021;14:00:00;0.784;;
2359;01/27/2021;16:00:00;0.784;;
2360;01/27/2021;18:00:00;0.784;;
2361;01/28/2021;20:00:00;0.784;;
2362;01/28/2021;22:00:00;0.784;;
2363;01/28/2021;00:00:00;0.784;;
2364;01/28/2021;02:00:00;0.784;;
2365;01/28/2021;04:00:00;0.784;;
2366;01/28/2021;06:00:00;0.784;;
2367;01/28/2021;08:00:00;0.784;;
2368;01/28/2021;10:00:00;0.784;;
2369;01/28/2021;12:00:00;0.784;;
2370;01/28/2021;14:00:00;0.784;;
2371;01/28/2021;16:00:00;0.784;;
2372;01/28/2021;18:00:00;0.784;;
2373;01/29/2021;20:00:00;0.784;;
2374;01/29/2021;22:00:00;0.784;;
2375;01/29/2021;00:00:00;0.784;;
2376;01/29/2021;02:00:00;0.784;;
2377;01/29/2021;04:00:00;0.784;;
2378;01/29/2021;06:00:00;0.784;;
2379;01/29/2021;08:00:00;0.784;;
2380;01/29/2021;10:00:00;0.784;;
2381;01/29/2021;12:00:00;0.784;;
2382;01/29/2021;14:00:00;0.784;;
2383;01/29/2021;16:00:00;0.784;;
2384;01/29/2021;18:00:00;0.784;;
2385;01/30/2021;20:00:00;0.784;;
2386;01/30/2021;22:00:00;0.784;;
2387;01/30/2021;00:00:00;0.784;;
2388;01/30/2021;02:00:00;0.784;;
2389;01/30/2021;04:00:00;0.784;;
2390;01/30/2021;06:00:00;0.784;;
2391;01/30/2021;08:00:00;0.784;;
2392;01/30/2021;10:00:00;0.784;;
2393;01/30/2021;12:00:00;0.784;;
2394;01/30/2021;14:00:00;0.784;;
2395;01/30/2021;16:00:00;0.784;;
2396;01/30/2021;18:00:00;0.784;;
2397;01/31/2021;20:00:00;0.784;;
2398;01/31/2021;22:00:00;0.784;;
2399;01/31/2021;00:00:00;0.784;;
2400;01/31/2021;02:00:00;0.784;;
2401;01/31/2021;04:00:00;0.784;;
2402;01/31/2021;06:00:00;0.784;;
2403;01/31/2021;08:00:00;0.784;;
2404;01/31/2021;10:00:00;0.784;;
2405;01/31/2021;12:00:00;0.784;;
2406;01/31/2021;14:00:00;0.784;;
2407;01/31/2021;16:00:00;0.784;;
2408;01/31/2021;18:00:00;0.784;;
2409;02/01/2021;20:00:00;0.784;;
2410;02/01/2021;22:00:00;0.784;;
2411;02/01/2021;00:00:00;0.784;;
2412;02/01/2021;02:00:00;0.784;;
2413;02/01/2021;04:00:00;0.784;;
2414;02/01/2021;06:00:00;0.784;;
2415;02/01/2021;08:00:00;0.784;;
2416;02/01/2021;10:00:00;0.784;;
2417;02/01/2021;12:00:00;0.784;;
2418;02/01/2021;14:00:00;0.784;;
2419;02/01/2021;16:00:00;0.784;;
2420;02/01/2021;18:00:00;0.784;;
2421;02/02/2021;20:00:00;0.784;;
2422;02/02/2021;22:00:00;0.784;;
2423;02/02/2021;00:00:00;0.784;;
2424;02/02/2021;02:00:00;0.784;;
2425;02/02/2021;08:00:00;0.784;;
2426;02/02/2021;10:00:00;0.784;;
2427;02/02/2021;12:00:00;0.784;;
2428;02/02/2021;14:00:00;0.784;;
2429;02/02/2021;16:00:00;0.784;;
2430;02/02/2021;18:00:00;0.784;;
2431;02/02/2021;20:00:00;0.784;;
2432;02/02/2021;22:00:00;0.784;;
2433;02/03/2021;00:00:00;0.784;;
2434;02/03/2021;02:00:00;0.784;;
2435;02/03/2021;04:00:00;0.784;;
2436;02/03/2021;06:00:00;0.784;;
2437;02/03/2021;08:00:00;0.784;;
2438;02/03/2021;10:00:00;0.784;;
2439;02/03/2021;12:00:00;0.784;;
2440;02/03/2021;14:00:00;0.784;;
2441;02/03/2021;16:00:00;0.784;;
2442;02/03/2021;18:00:00;0.784;;
2443;02/03/2021;20:00:00;0.674;;
2444;02/03/2021;22:00:00;0.784;;
2445;02/04/2021;00:00:00;0.784;;
2446;02/04/2021;02:00:00;0.784;;
2447;02/04/2021;04:00:00;0.784;;
2448;02/04/2021;06:00:00;0.784;;
2449;02/04/2021;08:00:00;0.784;;
2450;02/04/2021;10:00:00;0.784;;
2451;02/04/2021;12:00:00;0.784;;
2452;02/04/2021;14:00:00;0.784;;
2453;02/04/2021;16:00:00;0.784;;
2454;02/04/2021;18:00:00;0.784;;
2455;02/04/2021;20:00:00;0.784;;
2456;02/04/2021;22:00:00;0.784;;
2457;02/05/2021;00:00:00;0.674;;
2458;02/05/2021;02:00:00;0.674;;
2459;02/05/2021;04:00:00;0.674;;
2460;02/05/2021;06:00:00;0.674;;
2461;02/05/2021;08:00:00;0.674;;
2462;02/05/2021;10:00:00;0.674;;
2463;02/05/2021;12:00:00;0.784;;
2464;02/05/2021;14:00:00;0.674;;
2465;02/05/2021;16:00:00;0.784;;
2466;02/05/2021;18:00:00;0.674;;
2467;02/05/2021;20:00:00;0.674;;
2468;02/05/2021;22:00:00;0.674;;
2469;02/06/2021;00:00:00;0.674;;
2470;02/06/2021;02:00:00;0.674;;
2471;02/06/2021;04:00:00;0.674;;
2472;02/06/2021;06:00:00;0.674;;
2473;02/06/2021;08:00:00;0.674;;
2474;02/06/2021;10:00:00;0.674;;
2475;02/06/2021;12:00:00;0.674;;
2476;02/06/2021;14:00:00;0.674;;
2477;02/06/2021;16:00:00;0.674;;
2478;02/06/2021;18:00:00;0.674;;
2479;02/06/2021;20:00:00;0.674;;
2480;02/06/2021;22:00:00;0.674;;
2481;02/07/2021;00:00:00;0.674;;
2482;02/07/2021;02:00:00;0.674;;
2483;02/07/2021;04:00:00;0.674;;
2484;02/07/2021;06:00:00;0.674;;
2485;02/07/2021;08:00:00;0.674;;
2486;02/07/2021;10:00:00;0.674;;
2487;02/07/2021;12:00:00;0.674;;
2488;02/07/2021;14:00:00;0.674;;
2489;02/07/2021;16:00:00;0.674;;
2490;02/07/2021;18:00:00;0.674;;
2491;02/07/2021;20:00:00;0.674;;
2492;02/07/2021;22:00:00;0.674;;
2493;02/08/2021;00:00:00;0.674;;
2494;02/08/2021;02:00:00;0.674;;
2495;02/08/2021;04:00:00;0.674;;
2496;02/08/2021;06:00:00;0.674;;
2497;02/08/2021;08:00:00;0.674;;
2498;02/08/2021;10:00:00;0.674;;
2499;02/08/2021;12:00:00;0.674;;
2500;02/08/2021;14:00:00;0.674;;
2501;02/08/2021;16:00:00;0.674;;
2502;02/08/2021;18:00:00;0.674;;
2503;02/08/2021;20:00:00;0.674;;
2504;02/08/2021;22:00:00;0.674;;
2505;02/09/2021;00:00:00;0.674;;
2506;02/09/2021;02:00:00;0.674;;
2507;02/09/2021;04:00:00;0.674;;
2508;02/09/2021;06:00:00;0.674;;
2509;02/09/2021;08:00:00;0.674;;
2510;02/09/2021;10:00:00;0.674;;
2511;02/09/2021;12:00:00;0.674;;
2512;02/09/2021;14:00:00;0.674;;
2513;02/09/2021;16:00:00;0.674;;
2514;02/09/2021;18:00:00;0.674;;
2515;02/09/2021;20:00:00;0.674;;
2516;02/09/2021;22:00:00;0.674;;
2517;02/10/2021;00:00:00;0.674;;
2518;02/10/2021;02:00:00;0.674;;
2519;02/10/2021;04:00:00;0.674;;
2520;02/10/2021;06:00:00;0.674;;
2521;02/10/2021;08:00:00;0.674;;
2522;02/10/2021;10:00:00;0.674;;
2523;02/10/2021;12:00:00;0.674;;
2524;02/10/2021;14:00:00;0.674;;
2525;02/10/2021;16:00:00;0.674;;
2526;02/10/2021;18:00:00;0.674;;
2527;02/10/2021;20:00:00;0.674;;
2528;02/10/2021;22:00:00;0.674;;
2529;02/11/2021;00:00:00;0.674;;
2530;02/11/2021;02:00:00;0.674;;
2531;02/11/2021;04:00:00;0.674;;
2532;02/11/2021;06:00:00;0.674;;
2533;02/11/2021;08:00:00;0.674;;
2534;02/11/2021;10:00:00;0.674;;
2535;02/11/2021;12:00:00;0.674;;
2536;02/11/2021;14:00:00;0.674;;
2537;02/11/2021;16:00:00;0.674;;
2538;02/11/2021;18:00:00;0.674;;
2539;02/11/2021;20:00:00;0.674;;
2540;02/11/2021;22:00:00;0.674;;
2541;02/12/2021;00:00:00;0.674;;
2542;02/12/2021;02:00:00;0.674;;
2543;02/12/2021;04:00:00;0.674;;
2544;02/12/2021;06:00:00;0.674;;
2545;02/12/2021;08:00:00;0.674;;
2546;02/12/2021;10:00:00;0.674;;
2547;02/12/2021;12:00:00;0.674;;
2548;02/12/2021;14:00:00;0.674;;
2549;02/12/2021;16:00:00;0.674;;
2550;02/12/2021;18:00:00;0.674;;
2551;02/12/2021;20:00:00;0.674;;
2552;02/12/2021;22:00:00;0.674;;
2553;02/13/2021;00:00:00;0.674;;
2554;02/13/2021;02:00:00;0.674;;
2555;02/13/2021;04:00:00;0.674;;
2556;02/13/2021;06:00:00;0.674;;
2557;02/13/2021;08:00:00;0.674;;
2558;02/13/2021;10:00:00;0.674;;
2559;02/13/2021;12:00:00;0.674;;
2560;02/13/2021;14:00:00;0.674;;
2561;02/13/2021;16:00:00;0.674;;
2562;02/13/2021;18:00:00;0.674;;
2563;02/13/2021;20:00:00;0.674;;
2564;02/13/2021;22:00:00;0.674;;
2565;02/14/2021;00:00:00;0.674;;
2566;02/14/2021;02:00:00;0.674;;
2567;02/14/2021;04:00:00;0.674;;
2568;02/14/2021;06:00:00;0.674;;
2569;02/14/2021;08:00:00;0.674;;
2570;02/14/2021;10:00:00;0.674;;
2571;02/14/2021;12:00:00;0.674;;
2572;02/14/2021;14:00:00;0.674;;
2573;02/14/2021;16:00:00;0.674;;
2574;02/14/2021;18:00:00;0.674;;
2575;02/14/2021;20:00:00;0.674;;
2576;02/14/2021;22:00:00;0.674;;
2577;02/15/2021;00:00:00;0.674;;
2578;02/15/2021;02:00:00;0.674;;
2579;02/15/2021;04:00:00;0.674;;
2580;02/15/2021;06:00:00;0.674;;
2581;02/15/2021;08:00:00;0.784;;
2582;02/15/2021;10:00:00;0.784;;
2583;02/15/2021;12:00:00;0.784;;
2584;02/15/2021;14:00:00;0.674;;
2585;02/15/2021;16:00:00;0.674;;
2586;02/15/2021;18:00:00;0.674;;
2587;02/15/2021;20:00:00;0.674;;
2588;02/15/2021;22:00:00;0.674;;
2589;02/16/2021;00:00:00;0.674;;
2590;02/16/2021;02:00:00;0.674;;
2591;02/16/2021;04:00:00;0.674;;
2592;02/16/2021;06:00:00;0.674;;
2593;02/16/2021;08:00:00;0.674;;
2594;02/16/2021;10:00:00;0.784;;
2595;02/16/2021;12:00:00;0.784;;
2596;02/16/2021;14:00:00;0.674;;
2597;02/16/2021;16:00:00;0.674;;
2598;02/16/2021;18:00:00;0.674;;
2599;02/16/2021;20:00:00;0.674;;
2600;02/16/2021;22:00:00;0.674;;
2601;02/17/2021;00:00:00;0.674;;
2602;02/17/2021;02:00:00;0.674;;
2603;02/17/2021;04:00:00;0.784;;
2604;02/17/2021;06:00:00;0.674;;
2605;02/17/2021;08:00:00;0.674;;
2606;02/17/2021;10:00:00;0.784;;
2607;02/17/2021;12:00:00;0.784;;
2608;02/17/2021;14:00:00;0.674;;
2609;02/17/2021;16:00:00;0.674;;
2610;02/17/2021;18:00:00;0.674;;
2611;02/17/2021;20:00:00;0.674;;
2612;02/17/2021;22:00:00;0.674;;
2613;02/18/2021;00:00:00;0.674;;
2614;02/18/2021;02:00:00;0.674;;
2615;02/18/2021;04:00:00;0.674;;
2616;02/18/2021;06:00:00;0.674;;
2617;02/18/2021;08:00:00;0.674;;
2618;02/18/2021;10:00:00;0.784;;
2619;02/18/2021;12:00:00;0.784;;
2620;02/18/2021;14:00:00;0.784;;
2621;02/18/2021;16:00:00;0.674;;
2622;02/18/2021;18:00:00;0.674;;
2623;02/18/2021;20:00:00;0.674;;
2624;02/18/2021;22:00:00;0.674;;
2625;02/19/2021;00:00:00;0.674;;
2626;02/19/2021;02:00:00;0.674;;
2627;02/19/2021;08:00:00;0.674;;
2628;02/19/2021;10:00:00;0.674;;
2629;02/19/2021;12:00:00;0.674;;
2630;02/19/2021;14:00:00;0.784;;
2631;02/19/2021;16:00:00;0.784;;
2632;02/19/2021;18:00:00;0.784;;
2633;02/19/2021;20:00:00;0.784;;
2634;02/19/2021;22:00:00;0.784;;
2635;02/19/2021;00:00:00;0.674;;
2636;02/19/2021;02:00:00;0.674;;
2637;02/20/2021;04:00:00;0.674;;
2638;02/20/2021;06:00:00;0.674;;
2639;02/20/2021;08:00:00;0.674;;
2640;02/20/2021;10:00:00;0.674;;
2641;02/20/2021;12:00:00;0.674;;
2642;02/20/2021;14:00:00;0.784;;
2643;02/20/2021;16:00:00;0.784;;
2644;02/20/2021;18:00:00;0.893;;
2645;02/20/2021;20:00:00;0.784;;
2646;02/20/2021;22:00:00;0.784;;
2647;02/20/2021;00:00:00;0.784;;
2648;02/20/2021;02:00:00;0.784;;
2649;02/21/2021;04:00:00;0.674;;
2650;02/21/2021;06:00:00;0.674;;
2651;02/21/2021;08:00:00;0.674;;
2652;02/21/2021;10:00:00;0.674;;
2653;02/21/2021;12:00:00;0.674;;
2654;02/21/2021;14:00:00;0.784;;Enregistré
